rdb_modern_table	rdb_modern_col	writing_sp	nrt_staging_source	odse_source_col(s)	transform_note	status	fixture_proof
D_VAR_PAM	D_VAR_PAM_KEY	sp_nrt_d_var_pam_postprocessing	nrt_var_pam_key keystore (keyed by VAR_PAM_UID = public_health_case_uid)	—	Surrogate key allocated from nrt_var_pam_key (SP line 510); not an ODSE column	VERIFIED	varicella_investigation_full_chain.sql (coverage_varicella_full_chain.md)
D_VAR_PAM	VAR_PAM_UID	sp_nrt_d_var_pam_postprocessing	nrt_investigation.public_health_case_uid (INV_FORM_VAR)	nbs_odse.dbo.public_health_case.public_health_case_uid (via sp_investigation_event JSON)	Page-case act_uid = PHC uid (SP line 65)	VERIFIED	varicella_investigation_full_chain.sql (coverage_varicella_full_chain.md)
D_VAR_PAM	LAST_CHG_TIME	sp_nrt_d_var_pam_postprocessing	nrt_page_case_answer.last_chg_time	nbs_odse.dbo.nbs_case_answer.last_chg_time (via sp_investigation_event JSON)	MAX(last_chg_time) over the VAR answers	VERIFIED	varicella_investigation_full_chain.sql (coverage_varicella_full_chain.md)
D_VAR_PAM	VARICELLA_VACCINE	sp_nrt_d_var_pam_postprocessing	nrt_page_case_answer.answer_txt (datamart_column_nm=VARICELLA_VACCINE)	nbs_odse.dbo.nbs_case_answer.answer_txt + nbs_question.datamart_column_nm (via sp_investigation_event JSON)	PIVOT MAX(answer_txt) FOR datamart_column_nm; coded answers code-translated via nrt_srte_code_value_general (SP lines 263-301)	VERIFIED	varicella_investigation_full_chain.sql (coverage_varicella_full_chain.md)
D_VAR_PAM	RASH_LOCATION	sp_nrt_d_var_pam_postprocessing	nrt_page_case_answer.answer_txt (datamart_column_nm=RASH_LOCATION)	nbs_odse.dbo.nbs_case_answer.answer_txt + nbs_question.datamart_column_nm (via sp_investigation_event JSON)	PIVOT MAX(answer_txt) FOR datamart_column_nm	VERIFIED	varicella_investigation_full_chain.sql (coverage_varicella_full_chain.md)
D_VAR_PAM	VESICLES	sp_nrt_d_var_pam_postprocessing	nrt_page_case_answer.answer_txt (datamart_column_nm=VESICLES)	nbs_odse.dbo.nbs_case_answer.answer_txt + nbs_question.datamart_column_nm (via sp_investigation_event JSON)	PIVOT MAX(answer_txt) FOR datamart_column_nm	VERIFIED	varicella_investigation_full_chain.sql (coverage_varicella_full_chain.md)
D_VAR_PAM	MACULAR_PAPULAR	sp_nrt_d_var_pam_postprocessing	nrt_page_case_answer.answer_txt (datamart_column_nm=MACULAR_PAPULAR)	nbs_odse.dbo.nbs_case_answer.answer_txt + nbs_question.datamart_column_nm (via sp_investigation_event JSON)	PIVOT MAX(answer_txt) FOR datamart_column_nm	VERIFIED	varicella_investigation_full_chain.sql (coverage_varicella_full_chain.md)
D_VAR_PAM	FEVER	sp_nrt_d_var_pam_postprocessing	nrt_page_case_answer.answer_txt (datamart_column_nm=FEVER)	nbs_odse.dbo.nbs_case_answer.answer_txt + nbs_question.datamart_column_nm (via sp_investigation_event JSON)	PIVOT MAX(answer_txt) FOR datamart_column_nm	VERIFIED	varicella_investigation_full_chain.sql (coverage_varicella_full_chain.md)
D_VAR_PAM	FEVER_ONSET_DATE	sp_nrt_d_var_pam_postprocessing	nrt_page_case_answer.answer_txt (datamart_column_nm=FEVER_ONSET_DATE)	nbs_odse.dbo.nbs_case_answer.answer_txt + nbs_question.datamart_column_nm (via sp_investigation_event JSON)	PIVOT MAX(answer_txt) FOR datamart_column_nm (date answer)	VERIFIED	varicella_investigation_full_chain.sql (coverage_varicella_full_chain.md)
D_VAR_PAM	IMMUNOCOMPROMISED	sp_nrt_d_var_pam_postprocessing	nrt_page_case_answer.answer_txt (datamart_column_nm=IMMUNOCOMPROMISED)	nbs_odse.dbo.nbs_case_answer.answer_txt + nbs_question.datamart_column_nm (via sp_investigation_event JSON)	PIVOT MAX(answer_txt) FOR datamart_column_nm	VERIFIED	varicella_investigation_full_chain.sql (coverage_varicella_full_chain.md)
D_VAR_PAM	PATIENT_VISIT_HC_PROVIDER	sp_nrt_d_var_pam_postprocessing	nrt_page_case_answer.answer_txt (datamart_column_nm=PATIENT_VISIT_HC_PROVIDER)	nbs_odse.dbo.nbs_case_answer.answer_txt + nbs_question.datamart_column_nm (via sp_investigation_event JSON)	PIVOT MAX(answer_txt) FOR datamart_column_nm	VERIFIED	varicella_investigation_full_chain.sql (coverage_varicella_full_chain.md)
D_VAR_PAM	COMPLICATIONS	sp_nrt_d_var_pam_postprocessing	nrt_page_case_answer.answer_txt (datamart_column_nm=COMPLICATIONS)	nbs_odse.dbo.nbs_case_answer.answer_txt + nbs_question.datamart_column_nm (via sp_investigation_event JSON)	PIVOT MAX(answer_txt) FOR datamart_column_nm	VERIFIED	varicella_investigation_full_chain.sql (coverage_varicella_full_chain.md)
D_VAR_PAM	COMPLICATIONS_PNEUMONIA	sp_nrt_d_var_pam_postprocessing	nrt_page_case_answer.answer_txt (datamart_column_nm=COMPLICATIONS_PNEUMONIA)	nbs_odse.dbo.nbs_case_answer.answer_txt + nbs_question.datamart_column_nm (via sp_investigation_event JSON)	PIVOT MAX(answer_txt) FOR datamart_column_nm	VERIFIED	varicella_investigation_full_chain.sql (coverage_varicella_full_chain.md)
D_VAR_PAM	TREATED	sp_nrt_d_var_pam_postprocessing	nrt_page_case_answer.answer_txt (datamart_column_nm=TREATED)	nbs_odse.dbo.nbs_case_answer.answer_txt + nbs_question.datamart_column_nm (via sp_investigation_event JSON)	PIVOT MAX(answer_txt) FOR datamart_column_nm	VERIFIED	varicella_investigation_full_chain.sql (coverage_varicella_full_chain.md)
D_VAR_PAM	DEATH_AUTOPSY	sp_nrt_d_var_pam_postprocessing	nrt_page_case_answer.answer_txt (datamart_column_nm=DEATH_AUTOPSY)	nbs_odse.dbo.nbs_case_answer.answer_txt + nbs_question.datamart_column_nm (via sp_investigation_event JSON)	PIVOT MAX(answer_txt) FOR datamart_column_nm	VERIFIED	varicella_investigation_full_chain.sql (coverage_varicella_full_chain.md)
D_VAR_PAM	PREVIOUS_DIAGNOSIS	sp_nrt_d_var_pam_postprocessing	nrt_page_case_answer.answer_txt (datamart_column_nm=PREVIOUS_DIAGNOSIS)	nbs_odse.dbo.nbs_case_answer.answer_txt + nbs_question.datamart_column_nm (via sp_investigation_event JSON)	PIVOT MAX(answer_txt) FOR datamart_column_nm	VERIFIED	varicella_investigation_full_chain.sql (coverage_varicella_full_chain.md)
D_VAR_PAM	EPI_LINKED	sp_nrt_d_var_pam_postprocessing	nrt_page_case_answer.answer_txt (datamart_column_nm=EPI_LINKED)	nbs_odse.dbo.nbs_case_answer.answer_txt + nbs_question.datamart_column_nm (via sp_investigation_event JSON)	PIVOT MAX(answer_txt) FOR datamart_column_nm	VERIFIED	varicella_investigation_full_chain.sql (coverage_varicella_full_chain.md)
D_VAR_PAM	TRANSMISSION_SETTING	sp_nrt_d_var_pam_postprocessing	nrt_page_case_answer.answer_txt (datamart_column_nm=TRANSMISSION_SETTING)	nbs_odse.dbo.nbs_case_answer.answer_txt + nbs_question.datamart_column_nm (via sp_investigation_event JSON)	PIVOT MAX(answer_txt) FOR datamart_column_nm	VERIFIED	varicella_investigation_full_chain.sql (coverage_varicella_full_chain.md)
D_VAR_PAM	HEALTHCARE_WORKER	sp_nrt_d_var_pam_postprocessing	nrt_page_case_answer.answer_txt (datamart_column_nm=HEALTHCARE_WORKER)	nbs_odse.dbo.nbs_case_answer.answer_txt + nbs_question.datamart_column_nm (via sp_investigation_event JSON)	PIVOT MAX(answer_txt) FOR datamart_column_nm	VERIFIED	varicella_investigation_full_chain.sql (coverage_varicella_full_chain.md)
D_VAR_PAM	LAB_TESTING	sp_nrt_d_var_pam_postprocessing	nrt_page_case_answer.answer_txt (datamart_column_nm=LAB_TESTING)	nbs_odse.dbo.nbs_case_answer.answer_txt + nbs_question.datamart_column_nm (via sp_investigation_event JSON)	PIVOT MAX(answer_txt) FOR datamart_column_nm	VERIFIED	varicella_investigation_full_chain.sql (coverage_varicella_full_chain.md)
D_VAR_PAM	DFA_TEST	sp_nrt_d_var_pam_postprocessing	nrt_page_case_answer.answer_txt (datamart_column_nm=DFA_TEST)	nbs_odse.dbo.nbs_case_answer.answer_txt + nbs_question.datamart_column_nm (via sp_investigation_event JSON)	PIVOT MAX(answer_txt) FOR datamart_column_nm	VERIFIED	varicella_investigation_full_chain.sql (coverage_varicella_full_chain.md)
D_VAR_PAM	PCR_TEST	sp_nrt_d_var_pam_postprocessing	nrt_page_case_answer.answer_txt (datamart_column_nm=PCR_TEST)	nbs_odse.dbo.nbs_case_answer.answer_txt + nbs_question.datamart_column_nm (via sp_investigation_event JSON)	PIVOT MAX(answer_txt) FOR datamart_column_nm	VERIFIED	varicella_investigation_full_chain.sql (coverage_varicella_full_chain.md)
D_VAR_PAM	PCR_TEST_RESULT	sp_nrt_d_var_pam_postprocessing	nrt_page_case_answer.answer_txt (datamart_column_nm=PCR_TEST_RESULT)	nbs_odse.dbo.nbs_case_answer.answer_txt + nbs_question.datamart_column_nm (via sp_investigation_event JSON)	PIVOT MAX(answer_txt) FOR datamart_column_nm	VERIFIED	varicella_investigation_full_chain.sql (coverage_varicella_full_chain.md)
D_VAR_PAM	CULTURE_TEST	sp_nrt_d_var_pam_postprocessing	nrt_page_case_answer.answer_txt (datamart_column_nm=CULTURE_TEST)	nbs_odse.dbo.nbs_case_answer.answer_txt + nbs_question.datamart_column_nm (via sp_investigation_event JSON)	PIVOT MAX(answer_txt) FOR datamart_column_nm	VERIFIED	varicella_investigation_full_chain.sql (coverage_varicella_full_chain.md)
D_VAR_PAM	SEROLOGY_TEST	sp_nrt_d_var_pam_postprocessing	nrt_page_case_answer.answer_txt (datamart_column_nm=SEROLOGY_TEST)	nbs_odse.dbo.nbs_case_answer.answer_txt + nbs_question.datamart_column_nm (via sp_investigation_event JSON)	PIVOT MAX(answer_txt) FOR datamart_column_nm	VERIFIED	varicella_investigation_full_chain.sql (coverage_varicella_full_chain.md)
D_VAR_PAM	IGG_TEST	sp_nrt_d_var_pam_postprocessing	nrt_page_case_answer.answer_txt (datamart_column_nm=IGG_TEST)	nbs_odse.dbo.nbs_case_answer.answer_txt + nbs_question.datamart_column_nm (via sp_investigation_event JSON)	PIVOT MAX(answer_txt) FOR datamart_column_nm	VERIFIED	varicella_investigation_full_chain.sql (coverage_varicella_full_chain.md)
D_VAR_PAM	COMPLICATIONS_CEREB_ATAXIA	sp_nrt_d_var_pam_postprocessing	nrt_page_case_answer.answer_txt (datamart_column_nm=COMPLICATIONS_CEREB_ATAXIA)	nbs_odse.dbo.nbs_case_answer.answer_txt + nbs_question.datamart_column_nm (via sp_investigation_event JSON)	PIVOT MAX(answer_txt) FOR datamart_column_nm; fed by a VAR question the minimum-viable fixture did not author	INFERRED	—
D_VAR_PAM	COMPLICATIONS_DEHYDRATION	sp_nrt_d_var_pam_postprocessing	nrt_page_case_answer.answer_txt (datamart_column_nm=COMPLICATIONS_DEHYDRATION)	nbs_odse.dbo.nbs_case_answer.answer_txt + nbs_question.datamart_column_nm (via sp_investigation_event JSON)	PIVOT MAX(answer_txt) FOR datamart_column_nm; fed by a VAR question the minimum-viable fixture did not author	INFERRED	—
D_VAR_PAM	COMPLICATIONS_ENCEPHALITIS	sp_nrt_d_var_pam_postprocessing	nrt_page_case_answer.answer_txt (datamart_column_nm=COMPLICATIONS_ENCEPHALITIS)	nbs_odse.dbo.nbs_case_answer.answer_txt + nbs_question.datamart_column_nm (via sp_investigation_event JSON)	PIVOT MAX(answer_txt) FOR datamart_column_nm; fed by a VAR question the minimum-viable fixture did not author	INFERRED	—
D_VAR_PAM	COMPLICATIONS_HEMORRHAGIC	sp_nrt_d_var_pam_postprocessing	nrt_page_case_answer.answer_txt (datamart_column_nm=COMPLICATIONS_HEMORRHAGIC)	nbs_odse.dbo.nbs_case_answer.answer_txt + nbs_question.datamart_column_nm (via sp_investigation_event JSON)	PIVOT MAX(answer_txt) FOR datamart_column_nm; fed by a VAR question the minimum-viable fixture did not author	INFERRED	—
D_VAR_PAM	COMPLICATIONS_OTHER	sp_nrt_d_var_pam_postprocessing	nrt_page_case_answer.answer_txt (datamart_column_nm=COMPLICATIONS_OTHER)	nbs_odse.dbo.nbs_case_answer.answer_txt + nbs_question.datamart_column_nm (via sp_investigation_event JSON)	PIVOT MAX(answer_txt) FOR datamart_column_nm; fed by a VAR question the minimum-viable fixture did not author	INFERRED	—
D_VAR_PAM	COMPLICATIONS_OTHER_SPECIFY	sp_nrt_d_var_pam_postprocessing	nrt_page_case_answer.answer_txt (datamart_column_nm=COMPLICATIONS_OTHER_SPECIFY)	nbs_odse.dbo.nbs_case_answer.answer_txt + nbs_question.datamart_column_nm (via sp_investigation_event JSON)	PIVOT MAX(answer_txt) FOR datamart_column_nm; fed by a VAR question the minimum-viable fixture did not author	INFERRED	—
D_VAR_PAM	COMPLICATIONS_PNEU_DIAG_BY	sp_nrt_d_var_pam_postprocessing	nrt_page_case_answer.answer_txt (datamart_column_nm=COMPLICATIONS_PNEU_DIAG_BY)	nbs_odse.dbo.nbs_case_answer.answer_txt + nbs_question.datamart_column_nm (via sp_investigation_event JSON)	PIVOT MAX(answer_txt) FOR datamart_column_nm; fed by a VAR question the minimum-viable fixture did not author	INFERRED	—
D_VAR_PAM	COMPLICATIONS_SKIN_INFECTION	sp_nrt_d_var_pam_postprocessing	nrt_page_case_answer.answer_txt (datamart_column_nm=COMPLICATIONS_SKIN_INFECTION)	nbs_odse.dbo.nbs_case_answer.answer_txt + nbs_question.datamart_column_nm (via sp_investigation_event JSON)	PIVOT MAX(answer_txt) FOR datamart_column_nm; fed by a VAR question the minimum-viable fixture did not author	INFERRED	—
D_VAR_PAM	CROPS_WAVES	sp_nrt_d_var_pam_postprocessing	nrt_page_case_answer.answer_txt (datamart_column_nm=CROPS_WAVES)	nbs_odse.dbo.nbs_case_answer.answer_txt + nbs_question.datamart_column_nm (via sp_investigation_event JSON)	PIVOT MAX(answer_txt) FOR datamart_column_nm; fed by a VAR question the minimum-viable fixture did not author	INFERRED	—
D_VAR_PAM	CULTURE_TEST_DATE	sp_nrt_d_var_pam_postprocessing	nrt_page_case_answer.answer_txt (datamart_column_nm=CULTURE_TEST_DATE)	nbs_odse.dbo.nbs_case_answer.answer_txt + nbs_question.datamart_column_nm (via sp_investigation_event JSON)	PIVOT MAX(answer_txt) FOR datamart_column_nm; fed by a VAR question the minimum-viable fixture did not author	INFERRED	—
D_VAR_PAM	CULTURE_TEST_RESULT	sp_nrt_d_var_pam_postprocessing	nrt_page_case_answer.answer_txt (datamart_column_nm=CULTURE_TEST_RESULT)	nbs_odse.dbo.nbs_case_answer.answer_txt + nbs_question.datamart_column_nm (via sp_investigation_event JSON)	PIVOT MAX(answer_txt) FOR datamart_column_nm; fed by a VAR question the minimum-viable fixture did not author	INFERRED	—
D_VAR_PAM	DEATH_CAUSE	sp_nrt_d_var_pam_postprocessing	nrt_page_case_answer.answer_txt (datamart_column_nm=DEATH_CAUSE)	nbs_odse.dbo.nbs_case_answer.answer_txt + nbs_question.datamart_column_nm (via sp_investigation_event JSON)	PIVOT MAX(answer_txt) FOR datamart_column_nm; fed by a VAR question the minimum-viable fixture did not author	INFERRED	—
D_VAR_PAM	DEATH_VARICELLA	sp_nrt_d_var_pam_postprocessing	nrt_page_case_answer.answer_txt (datamart_column_nm=DEATH_VARICELLA)	nbs_odse.dbo.nbs_case_answer.answer_txt + nbs_question.datamart_column_nm (via sp_investigation_event JSON)	PIVOT MAX(answer_txt) FOR datamart_column_nm; fed by a VAR question the minimum-viable fixture did not author	INFERRED	—
D_VAR_PAM	DEATH_VARICELLA_DATE	sp_nrt_d_var_pam_postprocessing	nrt_page_case_answer.answer_txt (datamart_column_nm=DEATH_VARICELLA_DATE)	nbs_odse.dbo.nbs_case_answer.answer_txt + nbs_question.datamart_column_nm (via sp_investigation_event JSON)	PIVOT MAX(answer_txt) FOR datamart_column_nm; fed by a VAR question the minimum-viable fixture did not author	INFERRED	—
D_VAR_PAM	DFA_TEST_DATE	sp_nrt_d_var_pam_postprocessing	nrt_page_case_answer.answer_txt (datamart_column_nm=DFA_TEST_DATE)	nbs_odse.dbo.nbs_case_answer.answer_txt + nbs_question.datamart_column_nm (via sp_investigation_event JSON)	PIVOT MAX(answer_txt) FOR datamart_column_nm; fed by a VAR question the minimum-viable fixture did not author	INFERRED	—
D_VAR_PAM	DFA_TEST_RESULT	sp_nrt_d_var_pam_postprocessing	nrt_page_case_answer.answer_txt (datamart_column_nm=DFA_TEST_RESULT)	nbs_odse.dbo.nbs_case_answer.answer_txt + nbs_question.datamart_column_nm (via sp_investigation_event JSON)	PIVOT MAX(answer_txt) FOR datamart_column_nm; fed by a VAR question the minimum-viable fixture did not author	INFERRED	—
D_VAR_PAM	EPI_LINKED_CASE_TYPE	sp_nrt_d_var_pam_postprocessing	nrt_page_case_answer.answer_txt (datamart_column_nm=EPI_LINKED_CASE_TYPE)	nbs_odse.dbo.nbs_case_answer.answer_txt + nbs_question.datamart_column_nm (via sp_investigation_event JSON)	PIVOT MAX(answer_txt) FOR datamart_column_nm; fed by a VAR question the minimum-viable fixture did not author	INFERRED	—
D_VAR_PAM	FEVER_DURATION_DAYS	sp_nrt_d_var_pam_postprocessing	nrt_page_case_answer.answer_txt (datamart_column_nm=FEVER_DURATION_DAYS)	nbs_odse.dbo.nbs_case_answer.answer_txt + nbs_question.datamart_column_nm (via sp_investigation_event JSON)	PIVOT MAX(answer_txt) FOR datamart_column_nm; fed by a VAR question the minimum-viable fixture did not author	INFERRED	—
D_VAR_PAM	FEVER_TEMPERATURE	sp_nrt_d_var_pam_postprocessing	nrt_page_case_answer.answer_txt (datamart_column_nm=FEVER_TEMPERATURE)	nbs_odse.dbo.nbs_case_answer.answer_txt + nbs_question.datamart_column_nm (via sp_investigation_event JSON)	PIVOT MAX(answer_txt) FOR datamart_column_nm; fed by a VAR question the minimum-viable fixture did not author	INFERRED	—
D_VAR_PAM	FEVER_TEMPERATURE_UNIT	sp_nrt_d_var_pam_postprocessing	nrt_page_case_answer.answer_txt (datamart_column_nm=FEVER_TEMPERATURE_UNIT)	nbs_odse.dbo.nbs_case_answer.answer_txt + nbs_question.datamart_column_nm (via sp_investigation_event JSON)	PIVOT MAX(answer_txt) FOR datamart_column_nm; fed by a VAR question the minimum-viable fixture did not author	INFERRED	—
D_VAR_PAM	GENOTYPING_SENT_TO_CDC	sp_nrt_d_var_pam_postprocessing	nrt_page_case_answer.answer_txt (datamart_column_nm=GENOTYPING_SENT_TO_CDC)	nbs_odse.dbo.nbs_case_answer.answer_txt + nbs_question.datamart_column_nm (via sp_investigation_event JSON)	PIVOT MAX(answer_txt) FOR datamart_column_nm; fed by a VAR question the minimum-viable fixture did not author	INFERRED	—
D_VAR_PAM	GENOTYPING_SENT_TO_CDC_DATE	sp_nrt_d_var_pam_postprocessing	nrt_page_case_answer.answer_txt (datamart_column_nm=GENOTYPING_SENT_TO_CDC_DATE)	nbs_odse.dbo.nbs_case_answer.answer_txt + nbs_question.datamart_column_nm (via sp_investigation_event JSON)	PIVOT MAX(answer_txt) FOR datamart_column_nm; fed by a VAR question the minimum-viable fixture did not author	INFERRED	—
D_VAR_PAM	HEMORRHAGIC	sp_nrt_d_var_pam_postprocessing	nrt_page_case_answer.answer_txt (datamart_column_nm=HEMORRHAGIC)	nbs_odse.dbo.nbs_case_answer.answer_txt + nbs_question.datamart_column_nm (via sp_investigation_event JSON)	PIVOT MAX(answer_txt) FOR datamart_column_nm; fed by a VAR question the minimum-viable fixture did not author	INFERRED	—
D_VAR_PAM	IGG_TEST_ACUTE_DATE	sp_nrt_d_var_pam_postprocessing	nrt_page_case_answer.answer_txt (datamart_column_nm=IGG_TEST_ACUTE_DATE)	nbs_odse.dbo.nbs_case_answer.answer_txt + nbs_question.datamart_column_nm (via sp_investigation_event JSON)	PIVOT MAX(answer_txt) FOR datamart_column_nm; fed by a VAR question the minimum-viable fixture did not author	INFERRED	—
D_VAR_PAM	IGG_TEST_ACUTE_RESULT	sp_nrt_d_var_pam_postprocessing	nrt_page_case_answer.answer_txt (datamart_column_nm=IGG_TEST_ACUTE_RESULT)	nbs_odse.dbo.nbs_case_answer.answer_txt + nbs_question.datamart_column_nm (via sp_investigation_event JSON)	PIVOT MAX(answer_txt) FOR datamart_column_nm; fed by a VAR question the minimum-viable fixture did not author	INFERRED	—
D_VAR_PAM	IGG_TEST_ACUTE_VALUE	sp_nrt_d_var_pam_postprocessing	nrt_page_case_answer.answer_txt (datamart_column_nm=IGG_TEST_ACUTE_VALUE)	nbs_odse.dbo.nbs_case_answer.answer_txt + nbs_question.datamart_column_nm (via sp_investigation_event JSON)	PIVOT MAX(answer_txt) FOR datamart_column_nm; fed by a VAR question the minimum-viable fixture did not author	INFERRED	—
D_VAR_PAM	IGG_TEST_CONVALESCENT_DATE	sp_nrt_d_var_pam_postprocessing	nrt_page_case_answer.answer_txt (datamart_column_nm=IGG_TEST_CONVALESCENT_DATE)	nbs_odse.dbo.nbs_case_answer.answer_txt + nbs_question.datamart_column_nm (via sp_investigation_event JSON)	PIVOT MAX(answer_txt) FOR datamart_column_nm; fed by a VAR question the minimum-viable fixture did not author	INFERRED	—
D_VAR_PAM	IGG_TEST_CONVALESCENT_RESULT	sp_nrt_d_var_pam_postprocessing	nrt_page_case_answer.answer_txt (datamart_column_nm=IGG_TEST_CONVALESCENT_RESULT)	nbs_odse.dbo.nbs_case_answer.answer_txt + nbs_question.datamart_column_nm (via sp_investigation_event JSON)	PIVOT MAX(answer_txt) FOR datamart_column_nm; fed by a VAR question the minimum-viable fixture did not author	INFERRED	—
D_VAR_PAM	IGG_TEST_CONVALESCENT_VALUE	sp_nrt_d_var_pam_postprocessing	nrt_page_case_answer.answer_txt (datamart_column_nm=IGG_TEST_CONVALESCENT_VALUE)	nbs_odse.dbo.nbs_case_answer.answer_txt + nbs_question.datamart_column_nm (via sp_investigation_event JSON)	PIVOT MAX(answer_txt) FOR datamart_column_nm; fed by a VAR question the minimum-viable fixture did not author	INFERRED	—
D_VAR_PAM	IGG_TEST_GP_ELISA_MFGR	sp_nrt_d_var_pam_postprocessing	nrt_page_case_answer.answer_txt (datamart_column_nm=IGG_TEST_GP_ELISA_MFGR)	nbs_odse.dbo.nbs_case_answer.answer_txt + nbs_question.datamart_column_nm (via sp_investigation_event JSON)	PIVOT MAX(answer_txt) FOR datamart_column_nm; fed by a VAR question the minimum-viable fixture did not author	INFERRED	—
D_VAR_PAM	IGG_TEST_OTHER	sp_nrt_d_var_pam_postprocessing	nrt_page_case_answer.answer_txt (datamart_column_nm=IGG_TEST_OTHER)	nbs_odse.dbo.nbs_case_answer.answer_txt + nbs_question.datamart_column_nm (via sp_investigation_event JSON)	PIVOT MAX(answer_txt) FOR datamart_column_nm; fed by a VAR question the minimum-viable fixture did not author	INFERRED	—
D_VAR_PAM	IGG_TEST_TYPE	sp_nrt_d_var_pam_postprocessing	nrt_page_case_answer.answer_txt (datamart_column_nm=IGG_TEST_TYPE)	nbs_odse.dbo.nbs_case_answer.answer_txt + nbs_question.datamart_column_nm (via sp_investigation_event JSON)	PIVOT MAX(answer_txt) FOR datamart_column_nm; fed by a VAR question the minimum-viable fixture did not author	INFERRED	—
D_VAR_PAM	IGG_TEST_WHOLE_CELL_MFGR	sp_nrt_d_var_pam_postprocessing	nrt_page_case_answer.answer_txt (datamart_column_nm=IGG_TEST_WHOLE_CELL_MFGR)	nbs_odse.dbo.nbs_case_answer.answer_txt + nbs_question.datamart_column_nm (via sp_investigation_event JSON)	PIVOT MAX(answer_txt) FOR datamart_column_nm; fed by a VAR question the minimum-viable fixture did not author	INFERRED	—
D_VAR_PAM	IGM_TEST	sp_nrt_d_var_pam_postprocessing	nrt_page_case_answer.answer_txt (datamart_column_nm=IGM_TEST)	nbs_odse.dbo.nbs_case_answer.answer_txt + nbs_question.datamart_column_nm (via sp_investigation_event JSON)	PIVOT MAX(answer_txt) FOR datamart_column_nm; fed by a VAR question the minimum-viable fixture did not author	INFERRED	—
D_VAR_PAM	IGM_TEST_DATE	sp_nrt_d_var_pam_postprocessing	nrt_page_case_answer.answer_txt (datamart_column_nm=IGM_TEST_DATE)	nbs_odse.dbo.nbs_case_answer.answer_txt + nbs_question.datamart_column_nm (via sp_investigation_event JSON)	PIVOT MAX(answer_txt) FOR datamart_column_nm; fed by a VAR question the minimum-viable fixture did not author	INFERRED	—
D_VAR_PAM	IGM_TEST_RESULT	sp_nrt_d_var_pam_postprocessing	nrt_page_case_answer.answer_txt (datamart_column_nm=IGM_TEST_RESULT)	nbs_odse.dbo.nbs_case_answer.answer_txt + nbs_question.datamart_column_nm (via sp_investigation_event JSON)	PIVOT MAX(answer_txt) FOR datamart_column_nm; fed by a VAR question the minimum-viable fixture did not author	INFERRED	—
D_VAR_PAM	IGM_TEST_RESULT_VALUE	sp_nrt_d_var_pam_postprocessing	nrt_page_case_answer.answer_txt (datamart_column_nm=IGM_TEST_RESULT_VALUE)	nbs_odse.dbo.nbs_case_answer.answer_txt + nbs_question.datamart_column_nm (via sp_investigation_event JSON)	PIVOT MAX(answer_txt) FOR datamart_column_nm; fed by a VAR question the minimum-viable fixture did not author	INFERRED	—
D_VAR_PAM	IGM_TEST_TYPE	sp_nrt_d_var_pam_postprocessing	nrt_page_case_answer.answer_txt (datamart_column_nm=IGM_TEST_TYPE)	nbs_odse.dbo.nbs_case_answer.answer_txt + nbs_question.datamart_column_nm (via sp_investigation_event JSON)	PIVOT MAX(answer_txt) FOR datamart_column_nm; fed by a VAR question the minimum-viable fixture did not author	INFERRED	—
D_VAR_PAM	IGM_TEST_TYPE_OTHER	sp_nrt_d_var_pam_postprocessing	nrt_page_case_answer.answer_txt (datamart_column_nm=IGM_TEST_TYPE_OTHER)	nbs_odse.dbo.nbs_case_answer.answer_txt + nbs_question.datamart_column_nm (via sp_investigation_event JSON)	PIVOT MAX(answer_txt) FOR datamart_column_nm; fed by a VAR question the minimum-viable fixture did not author	INFERRED	—
D_VAR_PAM	IMMUNOCOMPROMISED_CONDITION	sp_nrt_d_var_pam_postprocessing	nrt_page_case_answer.answer_txt (datamart_column_nm=IMMUNOCOMPROMISED_CONDITION)	nbs_odse.dbo.nbs_case_answer.answer_txt + nbs_question.datamart_column_nm (via sp_investigation_event JSON)	PIVOT MAX(answer_txt) FOR datamart_column_nm; fed by a VAR question the minimum-viable fixture did not author	INFERRED	—
D_VAR_PAM	ITCHY	sp_nrt_d_var_pam_postprocessing	nrt_page_case_answer.answer_txt (datamart_column_nm=ITCHY)	nbs_odse.dbo.nbs_case_answer.answer_txt + nbs_question.datamart_column_nm (via sp_investigation_event JSON)	PIVOT MAX(answer_txt) FOR datamart_column_nm; fed by a VAR question the minimum-viable fixture did not author	INFERRED	—
D_VAR_PAM	LAB_TESTING_OTHER	sp_nrt_d_var_pam_postprocessing	nrt_page_case_answer.answer_txt (datamart_column_nm=LAB_TESTING_OTHER)	nbs_odse.dbo.nbs_case_answer.answer_txt + nbs_question.datamart_column_nm (via sp_investigation_event JSON)	PIVOT MAX(answer_txt) FOR datamart_column_nm; fed by a VAR question the minimum-viable fixture did not author	INFERRED	—
D_VAR_PAM	LAB_TESTING_OTHER_DATE	sp_nrt_d_var_pam_postprocessing	nrt_page_case_answer.answer_txt (datamart_column_nm=LAB_TESTING_OTHER_DATE)	nbs_odse.dbo.nbs_case_answer.answer_txt + nbs_question.datamart_column_nm (via sp_investigation_event JSON)	PIVOT MAX(answer_txt) FOR datamart_column_nm; fed by a VAR question the minimum-viable fixture did not author	INFERRED	—
D_VAR_PAM	LAB_TESTING_OTHER_RESULT	sp_nrt_d_var_pam_postprocessing	nrt_page_case_answer.answer_txt (datamart_column_nm=LAB_TESTING_OTHER_RESULT)	nbs_odse.dbo.nbs_case_answer.answer_txt + nbs_question.datamart_column_nm (via sp_investigation_event JSON)	PIVOT MAX(answer_txt) FOR datamart_column_nm; fed by a VAR question the minimum-viable fixture did not author	INFERRED	—
D_VAR_PAM	LAB_TESTING_OTHER_RESULT_VALUE	sp_nrt_d_var_pam_postprocessing	nrt_page_case_answer.answer_txt (datamart_column_nm=LAB_TESTING_OTHER_RESULT_VALUE)	nbs_odse.dbo.nbs_case_answer.answer_txt + nbs_question.datamart_column_nm (via sp_investigation_event JSON)	PIVOT MAX(answer_txt) FOR datamart_column_nm; fed by a VAR question the minimum-viable fixture did not author	INFERRED	—
D_VAR_PAM	LAB_TESTING_OTHER_SPECIFY	sp_nrt_d_var_pam_postprocessing	nrt_page_case_answer.answer_txt (datamart_column_nm=LAB_TESTING_OTHER_SPECIFY)	nbs_odse.dbo.nbs_case_answer.answer_txt + nbs_question.datamart_column_nm (via sp_investigation_event JSON)	PIVOT MAX(answer_txt) FOR datamart_column_nm; fed by a VAR question the minimum-viable fixture did not author	INFERRED	—
D_VAR_PAM	LESIONS_TOTAL	sp_nrt_d_var_pam_postprocessing	nrt_page_case_answer.answer_txt (datamart_column_nm=LESIONS_TOTAL)	nbs_odse.dbo.nbs_case_answer.answer_txt + nbs_question.datamart_column_nm (via sp_investigation_event JSON)	PIVOT MAX(answer_txt) FOR datamart_column_nm; fed by a VAR question the minimum-viable fixture did not author	INFERRED	—
D_VAR_PAM	LESIONS_TOTAL_LT50	sp_nrt_d_var_pam_postprocessing	nrt_page_case_answer.answer_txt (datamart_column_nm=LESIONS_TOTAL_LT50)	nbs_odse.dbo.nbs_case_answer.answer_txt + nbs_question.datamart_column_nm (via sp_investigation_event JSON)	PIVOT MAX(answer_txt) FOR datamart_column_nm; fed by a VAR question the minimum-viable fixture did not author	INFERRED	—
D_VAR_PAM	MACULES	sp_nrt_d_var_pam_postprocessing	nrt_page_case_answer.answer_txt (datamart_column_nm=MACULES)	nbs_odse.dbo.nbs_case_answer.answer_txt + nbs_question.datamart_column_nm (via sp_investigation_event JSON)	PIVOT MAX(answer_txt) FOR datamart_column_nm; fed by a VAR question the minimum-viable fixture did not author	INFERRED	—
D_VAR_PAM	MACULES_NUMBER	sp_nrt_d_var_pam_postprocessing	nrt_page_case_answer.answer_txt (datamart_column_nm=MACULES_NUMBER)	nbs_odse.dbo.nbs_case_answer.answer_txt + nbs_question.datamart_column_nm (via sp_investigation_event JSON)	PIVOT MAX(answer_txt) FOR datamart_column_nm; fed by a VAR question the minimum-viable fixture did not author	INFERRED	—
D_VAR_PAM	MEDICATION_NAME	sp_nrt_d_var_pam_postprocessing	nrt_page_case_answer.answer_txt (datamart_column_nm=MEDICATION_NAME)	nbs_odse.dbo.nbs_case_answer.answer_txt + nbs_question.datamart_column_nm (via sp_investigation_event JSON)	PIVOT MAX(answer_txt) FOR datamart_column_nm; fed by a VAR question the minimum-viable fixture did not author	INFERRED	—
D_VAR_PAM	MEDICATION_NAME_OTHER	sp_nrt_d_var_pam_postprocessing	nrt_page_case_answer.answer_txt (datamart_column_nm=MEDICATION_NAME_OTHER)	nbs_odse.dbo.nbs_case_answer.answer_txt + nbs_question.datamart_column_nm (via sp_investigation_event JSON)	PIVOT MAX(answer_txt) FOR datamart_column_nm; fed by a VAR question the minimum-viable fixture did not author	INFERRED	—
D_VAR_PAM	MEDICATION_START_DATE	sp_nrt_d_var_pam_postprocessing	nrt_page_case_answer.answer_txt (datamart_column_nm=MEDICATION_START_DATE)	nbs_odse.dbo.nbs_case_answer.answer_txt + nbs_question.datamart_column_nm (via sp_investigation_event JSON)	PIVOT MAX(answer_txt) FOR datamart_column_nm; fed by a VAR question the minimum-viable fixture did not author	INFERRED	—
D_VAR_PAM	MEDICATION_STOP_DATE	sp_nrt_d_var_pam_postprocessing	nrt_page_case_answer.answer_txt (datamart_column_nm=MEDICATION_STOP_DATE)	nbs_odse.dbo.nbs_case_answer.answer_txt + nbs_question.datamart_column_nm (via sp_investigation_event JSON)	PIVOT MAX(answer_txt) FOR datamart_column_nm; fed by a VAR question the minimum-viable fixture did not author	INFERRED	—
D_VAR_PAM	PAPULES	sp_nrt_d_var_pam_postprocessing	nrt_page_case_answer.answer_txt (datamart_column_nm=PAPULES)	nbs_odse.dbo.nbs_case_answer.answer_txt + nbs_question.datamart_column_nm (via sp_investigation_event JSON)	PIVOT MAX(answer_txt) FOR datamart_column_nm; fed by a VAR question the minimum-viable fixture did not author	INFERRED	—
D_VAR_PAM	PAPULES_NUMBER	sp_nrt_d_var_pam_postprocessing	nrt_page_case_answer.answer_txt (datamart_column_nm=PAPULES_NUMBER)	nbs_odse.dbo.nbs_case_answer.answer_txt + nbs_question.datamart_column_nm (via sp_investigation_event JSON)	PIVOT MAX(answer_txt) FOR datamart_column_nm; fed by a VAR question the minimum-viable fixture did not author	INFERRED	—
D_VAR_PAM	PATIENT_BIRTH_COUNTRY	sp_nrt_d_var_pam_postprocessing	nrt_page_case_answer.answer_txt (datamart_column_nm=PATIENT_BIRTH_COUNTRY)	nbs_odse.dbo.nbs_case_answer.answer_txt + nbs_question.datamart_column_nm (via sp_investigation_event JSON)	PIVOT MAX(answer_txt); PSL_CNTRY answers translated via nrt_srte_country_code.code_desc_txt (SP lines 178-194)	INFERRED	—
D_VAR_PAM	PCR_TEST_DATE	sp_nrt_d_var_pam_postprocessing	nrt_page_case_answer.answer_txt (datamart_column_nm=PCR_TEST_DATE)	nbs_odse.dbo.nbs_case_answer.answer_txt + nbs_question.datamart_column_nm (via sp_investigation_event JSON)	PIVOT MAX(answer_txt) FOR datamart_column_nm; fed by a VAR question the minimum-viable fixture did not author	INFERRED	—
D_VAR_PAM	PCR_TEST_RESULT_OTHER	sp_nrt_d_var_pam_postprocessing	nrt_page_case_answer.answer_txt (datamart_column_nm=PCR_TEST_RESULT_OTHER)	nbs_odse.dbo.nbs_case_answer.answer_txt + nbs_question.datamart_column_nm (via sp_investigation_event JSON)	PIVOT MAX(answer_txt) FOR datamart_column_nm; fed by a VAR question the minimum-viable fixture did not author	INFERRED	—
D_VAR_PAM	PCR_TEST_SOURCE_OTHER	sp_nrt_d_var_pam_postprocessing	nrt_page_case_answer.answer_txt (datamart_column_nm=PCR_TEST_SOURCE_OTHER)	nbs_odse.dbo.nbs_case_answer.answer_txt + nbs_question.datamart_column_nm (via sp_investigation_event JSON)	PIVOT MAX(answer_txt) FOR datamart_column_nm; fed by a VAR question the minimum-viable fixture did not author	INFERRED	—
D_VAR_PAM	PREGNANT_TRIMESTER	sp_nrt_d_var_pam_postprocessing	nrt_page_case_answer.answer_txt (datamart_column_nm=PREGNANT_TRIMESTER)	nbs_odse.dbo.nbs_case_answer.answer_txt + nbs_question.datamart_column_nm (via sp_investigation_event JSON)	PIVOT MAX(answer_txt) FOR datamart_column_nm; fed by a VAR question the minimum-viable fixture did not author	INFERRED	—
D_VAR_PAM	PREGNANT_WEEKS	sp_nrt_d_var_pam_postprocessing	nrt_page_case_answer.answer_txt (datamart_column_nm=PREGNANT_WEEKS)	nbs_odse.dbo.nbs_case_answer.answer_txt + nbs_question.datamart_column_nm (via sp_investigation_event JSON)	PIVOT MAX(answer_txt) FOR datamart_column_nm; fed by a VAR question the minimum-viable fixture did not author	INFERRED	—
D_VAR_PAM	PREVIOUS_DIAGNOSIS_AGE	sp_nrt_d_var_pam_postprocessing	nrt_page_case_answer.answer_txt (datamart_column_nm=PREVIOUS_DIAGNOSIS_AGE)	nbs_odse.dbo.nbs_case_answer.answer_txt + nbs_question.datamart_column_nm (via sp_investigation_event JSON)	PIVOT MAX(answer_txt) FOR datamart_column_nm; fed by a VAR question the minimum-viable fixture did not author	INFERRED	—
D_VAR_PAM	PREVIOUS_DIAGNOSIS_AGE_UNIT	sp_nrt_d_var_pam_postprocessing	nrt_page_case_answer.answer_txt (datamart_column_nm=PREVIOUS_DIAGNOSIS_AGE_UNIT)	nbs_odse.dbo.nbs_case_answer.answer_txt + nbs_question.datamart_column_nm (via sp_investigation_event JSON)	PIVOT MAX(answer_txt) FOR datamart_column_nm; fed by a VAR question the minimum-viable fixture did not author	INFERRED	—
D_VAR_PAM	PREVIOUS_DIAGNOSIS_BY	sp_nrt_d_var_pam_postprocessing	nrt_page_case_answer.answer_txt (datamart_column_nm=PREVIOUS_DIAGNOSIS_BY)	nbs_odse.dbo.nbs_case_answer.answer_txt + nbs_question.datamart_column_nm (via sp_investigation_event JSON)	PIVOT MAX(answer_txt) FOR datamart_column_nm; fed by a VAR question the minimum-viable fixture did not author	INFERRED	—
D_VAR_PAM	PREVIOUS_DIAGNOSIS_BY_OTHER	sp_nrt_d_var_pam_postprocessing	nrt_page_case_answer.answer_txt (datamart_column_nm=PREVIOUS_DIAGNOSIS_BY_OTHER)	nbs_odse.dbo.nbs_case_answer.answer_txt + nbs_question.datamart_column_nm (via sp_investigation_event JSON)	PIVOT MAX(answer_txt) FOR datamart_column_nm; fed by a VAR question the minimum-viable fixture did not author	INFERRED	—
D_VAR_PAM	RASH_CRUST	sp_nrt_d_var_pam_postprocessing	nrt_page_case_answer.answer_txt (datamart_column_nm=RASH_CRUST)	nbs_odse.dbo.nbs_case_answer.answer_txt + nbs_question.datamart_column_nm (via sp_investigation_event JSON)	PIVOT MAX(answer_txt) FOR datamart_column_nm; fed by a VAR question the minimum-viable fixture did not author	INFERRED	—
D_VAR_PAM	RASH_CRUSTED_DAYS	sp_nrt_d_var_pam_postprocessing	nrt_page_case_answer.answer_txt (datamart_column_nm=RASH_CRUSTED_DAYS)	nbs_odse.dbo.nbs_case_answer.answer_txt + nbs_question.datamart_column_nm (via sp_investigation_event JSON)	PIVOT MAX(answer_txt) FOR datamart_column_nm; fed by a VAR question the minimum-viable fixture did not author	INFERRED	—
D_VAR_PAM	RASH_DURATION_DAYS	sp_nrt_d_var_pam_postprocessing	nrt_page_case_answer.answer_txt (datamart_column_nm=RASH_DURATION_DAYS)	nbs_odse.dbo.nbs_case_answer.answer_txt + nbs_question.datamart_column_nm (via sp_investigation_event JSON)	PIVOT MAX(answer_txt) FOR datamart_column_nm; fed by a VAR question the minimum-viable fixture did not author	INFERRED	—
D_VAR_PAM	RASH_LOCATION_DERMATOME	sp_nrt_d_var_pam_postprocessing	nrt_page_case_answer.answer_txt (datamart_column_nm=RASH_LOCATION_DERMATOME)	nbs_odse.dbo.nbs_case_answer.answer_txt + nbs_question.datamart_column_nm (via sp_investigation_event JSON)	PIVOT MAX(answer_txt) FOR datamart_column_nm; fed by a VAR question the minimum-viable fixture did not author	INFERRED	—
D_VAR_PAM	RASH_LOCATION_OTHER	sp_nrt_d_var_pam_postprocessing	nrt_page_case_answer.answer_txt (datamart_column_nm=RASH_LOCATION_OTHER)	nbs_odse.dbo.nbs_case_answer.answer_txt + nbs_question.datamart_column_nm (via sp_investigation_event JSON)	PIVOT MAX(answer_txt) FOR datamart_column_nm; fed by a VAR question the minimum-viable fixture did not author	INFERRED	—
D_VAR_PAM	RASH_ONSET_DATE	sp_nrt_d_var_pam_postprocessing	nrt_page_case_answer.answer_txt (datamart_column_nm=RASH_ONSET_DATE)	nbs_odse.dbo.nbs_case_answer.answer_txt + nbs_question.datamart_column_nm (via sp_investigation_event JSON)	PIVOT MAX(answer_txt) FOR datamart_column_nm; fed by a VAR question the minimum-viable fixture did not author	INFERRED	—
D_VAR_PAM	SCABS	sp_nrt_d_var_pam_postprocessing	nrt_page_case_answer.answer_txt (datamart_column_nm=SCABS)	nbs_odse.dbo.nbs_case_answer.answer_txt + nbs_question.datamart_column_nm (via sp_investigation_event JSON)	PIVOT MAX(answer_txt) FOR datamart_column_nm; fed by a VAR question the minimum-viable fixture did not author	INFERRED	—
D_VAR_PAM	STRAIN_IDENTIFICATION_SENT	sp_nrt_d_var_pam_postprocessing	nrt_page_case_answer.answer_txt (datamart_column_nm=STRAIN_IDENTIFICATION_SENT)	nbs_odse.dbo.nbs_case_answer.answer_txt + nbs_question.datamart_column_nm (via sp_investigation_event JSON)	PIVOT MAX(answer_txt) FOR datamart_column_nm; fed by a VAR question the minimum-viable fixture did not author	INFERRED	—
D_VAR_PAM	STRAIN_TYPE	sp_nrt_d_var_pam_postprocessing	nrt_page_case_answer.answer_txt (datamart_column_nm=STRAIN_TYPE)	nbs_odse.dbo.nbs_case_answer.answer_txt + nbs_question.datamart_column_nm (via sp_investigation_event JSON)	PIVOT MAX(answer_txt) FOR datamart_column_nm; fed by a VAR question the minimum-viable fixture did not author	INFERRED	—
D_VAR_PAM	TRANSMISSION_SETTING_OTHER	sp_nrt_d_var_pam_postprocessing	nrt_page_case_answer.answer_txt (datamart_column_nm=TRANSMISSION_SETTING_OTHER)	nbs_odse.dbo.nbs_case_answer.answer_txt + nbs_question.datamart_column_nm (via sp_investigation_event JSON)	PIVOT MAX(answer_txt) FOR datamart_column_nm; fed by a VAR question the minimum-viable fixture did not author	INFERRED	—
D_VAR_PAM	VACCINE_DATE_1	sp_nrt_d_var_pam_postprocessing	nrt_page_case_answer.answer_txt (datamart_column_nm=VACCINE_DATE_1)	nbs_odse.dbo.nbs_case_answer.answer_txt + nbs_question.datamart_column_nm (via sp_investigation_event JSON)	PIVOT MAX(answer_txt) FOR datamart_column_nm; fed by a VAR question the minimum-viable fixture did not author	INFERRED	—
D_VAR_PAM	VACCINE_DATE_2	sp_nrt_d_var_pam_postprocessing	nrt_page_case_answer.answer_txt (datamart_column_nm=VACCINE_DATE_2)	nbs_odse.dbo.nbs_case_answer.answer_txt + nbs_question.datamart_column_nm (via sp_investigation_event JSON)	PIVOT MAX(answer_txt) FOR datamart_column_nm; fed by a VAR question the minimum-viable fixture did not author	INFERRED	—
D_VAR_PAM	VACCINE_DATE_3	sp_nrt_d_var_pam_postprocessing	nrt_page_case_answer.answer_txt (datamart_column_nm=VACCINE_DATE_3)	nbs_odse.dbo.nbs_case_answer.answer_txt + nbs_question.datamart_column_nm (via sp_investigation_event JSON)	PIVOT MAX(answer_txt) FOR datamart_column_nm; fed by a VAR question the minimum-viable fixture did not author	INFERRED	—
D_VAR_PAM	VACCINE_DATE_4	sp_nrt_d_var_pam_postprocessing	nrt_page_case_answer.answer_txt (datamart_column_nm=VACCINE_DATE_4)	nbs_odse.dbo.nbs_case_answer.answer_txt + nbs_question.datamart_column_nm (via sp_investigation_event JSON)	PIVOT MAX(answer_txt) FOR datamart_column_nm; fed by a VAR question the minimum-viable fixture did not author	INFERRED	—
D_VAR_PAM	VACCINE_DATE_5	sp_nrt_d_var_pam_postprocessing	nrt_page_case_answer.answer_txt (datamart_column_nm=VACCINE_DATE_5)	nbs_odse.dbo.nbs_case_answer.answer_txt + nbs_question.datamart_column_nm (via sp_investigation_event JSON)	PIVOT MAX(answer_txt) FOR datamart_column_nm; fed by a VAR question the minimum-viable fixture did not author	INFERRED	—
D_VAR_PAM	VACCINE_LOT_1	sp_nrt_d_var_pam_postprocessing	nrt_page_case_answer.answer_txt (datamart_column_nm=VACCINE_LOT_1)	nbs_odse.dbo.nbs_case_answer.answer_txt + nbs_question.datamart_column_nm (via sp_investigation_event JSON)	PIVOT MAX(answer_txt) FOR datamart_column_nm; fed by a VAR question the minimum-viable fixture did not author	INFERRED	—
D_VAR_PAM	VACCINE_LOT_2	sp_nrt_d_var_pam_postprocessing	nrt_page_case_answer.answer_txt (datamart_column_nm=VACCINE_LOT_2)	nbs_odse.dbo.nbs_case_answer.answer_txt + nbs_question.datamart_column_nm (via sp_investigation_event JSON)	PIVOT MAX(answer_txt) FOR datamart_column_nm; fed by a VAR question the minimum-viable fixture did not author	INFERRED	—
D_VAR_PAM	VACCINE_LOT_3	sp_nrt_d_var_pam_postprocessing	nrt_page_case_answer.answer_txt (datamart_column_nm=VACCINE_LOT_3)	nbs_odse.dbo.nbs_case_answer.answer_txt + nbs_question.datamart_column_nm (via sp_investigation_event JSON)	PIVOT MAX(answer_txt) FOR datamart_column_nm; fed by a VAR question the minimum-viable fixture did not author	INFERRED	—
D_VAR_PAM	VACCINE_LOT_4	sp_nrt_d_var_pam_postprocessing	nrt_page_case_answer.answer_txt (datamart_column_nm=VACCINE_LOT_4)	nbs_odse.dbo.nbs_case_answer.answer_txt + nbs_question.datamart_column_nm (via sp_investigation_event JSON)	PIVOT MAX(answer_txt) FOR datamart_column_nm; fed by a VAR question the minimum-viable fixture did not author	INFERRED	—
D_VAR_PAM	VACCINE_LOT_5	sp_nrt_d_var_pam_postprocessing	nrt_page_case_answer.answer_txt (datamart_column_nm=VACCINE_LOT_5)	nbs_odse.dbo.nbs_case_answer.answer_txt + nbs_question.datamart_column_nm (via sp_investigation_event JSON)	PIVOT MAX(answer_txt) FOR datamart_column_nm; fed by a VAR question the minimum-viable fixture did not author	INFERRED	—
D_VAR_PAM	VACCINE_MANUFACTURER_1	sp_nrt_d_var_pam_postprocessing	nrt_page_case_answer.answer_txt (datamart_column_nm=VACCINE_MANUFACTURER_1)	nbs_odse.dbo.nbs_case_answer.answer_txt + nbs_question.datamart_column_nm (via sp_investigation_event JSON)	PIVOT MAX(answer_txt) FOR datamart_column_nm; fed by a VAR question the minimum-viable fixture did not author	INFERRED	—
D_VAR_PAM	VACCINE_MANUFACTURER_2	sp_nrt_d_var_pam_postprocessing	nrt_page_case_answer.answer_txt (datamart_column_nm=VACCINE_MANUFACTURER_2)	nbs_odse.dbo.nbs_case_answer.answer_txt + nbs_question.datamart_column_nm (via sp_investigation_event JSON)	PIVOT MAX(answer_txt) FOR datamart_column_nm; fed by a VAR question the minimum-viable fixture did not author	INFERRED	—
D_VAR_PAM	VACCINE_MANUFACTURER_3	sp_nrt_d_var_pam_postprocessing	nrt_page_case_answer.answer_txt (datamart_column_nm=VACCINE_MANUFACTURER_3)	nbs_odse.dbo.nbs_case_answer.answer_txt + nbs_question.datamart_column_nm (via sp_investigation_event JSON)	PIVOT MAX(answer_txt) FOR datamart_column_nm; fed by a VAR question the minimum-viable fixture did not author	INFERRED	—
D_VAR_PAM	VACCINE_MANUFACTURER_4	sp_nrt_d_var_pam_postprocessing	nrt_page_case_answer.answer_txt (datamart_column_nm=VACCINE_MANUFACTURER_4)	nbs_odse.dbo.nbs_case_answer.answer_txt + nbs_question.datamart_column_nm (via sp_investigation_event JSON)	PIVOT MAX(answer_txt) FOR datamart_column_nm; fed by a VAR question the minimum-viable fixture did not author	INFERRED	—
D_VAR_PAM	VACCINE_MANUFACTURER_5	sp_nrt_d_var_pam_postprocessing	nrt_page_case_answer.answer_txt (datamart_column_nm=VACCINE_MANUFACTURER_5)	nbs_odse.dbo.nbs_case_answer.answer_txt + nbs_question.datamart_column_nm (via sp_investigation_event JSON)	PIVOT MAX(answer_txt) FOR datamart_column_nm; fed by a VAR question the minimum-viable fixture did not author	INFERRED	—
D_VAR_PAM	VACCINE_TYPE_1	sp_nrt_d_var_pam_postprocessing	nrt_page_case_answer.answer_txt (datamart_column_nm=VACCINE_TYPE_1)	nbs_odse.dbo.nbs_case_answer.answer_txt + nbs_question.datamart_column_nm (via sp_investigation_event JSON)	PIVOT MAX(answer_txt) FOR datamart_column_nm; fed by a VAR question the minimum-viable fixture did not author	INFERRED	—
D_VAR_PAM	VACCINE_TYPE_2	sp_nrt_d_var_pam_postprocessing	nrt_page_case_answer.answer_txt (datamart_column_nm=VACCINE_TYPE_2)	nbs_odse.dbo.nbs_case_answer.answer_txt + nbs_question.datamart_column_nm (via sp_investigation_event JSON)	PIVOT MAX(answer_txt) FOR datamart_column_nm; fed by a VAR question the minimum-viable fixture did not author	INFERRED	—
D_VAR_PAM	VACCINE_TYPE_3	sp_nrt_d_var_pam_postprocessing	nrt_page_case_answer.answer_txt (datamart_column_nm=VACCINE_TYPE_3)	nbs_odse.dbo.nbs_case_answer.answer_txt + nbs_question.datamart_column_nm (via sp_investigation_event JSON)	PIVOT MAX(answer_txt) FOR datamart_column_nm; fed by a VAR question the minimum-viable fixture did not author	INFERRED	—
D_VAR_PAM	VACCINE_TYPE_4	sp_nrt_d_var_pam_postprocessing	nrt_page_case_answer.answer_txt (datamart_column_nm=VACCINE_TYPE_4)	nbs_odse.dbo.nbs_case_answer.answer_txt + nbs_question.datamart_column_nm (via sp_investigation_event JSON)	PIVOT MAX(answer_txt) FOR datamart_column_nm; fed by a VAR question the minimum-viable fixture did not author	INFERRED	—
D_VAR_PAM	VACCINE_TYPE_5	sp_nrt_d_var_pam_postprocessing	nrt_page_case_answer.answer_txt (datamart_column_nm=VACCINE_TYPE_5)	nbs_odse.dbo.nbs_case_answer.answer_txt + nbs_question.datamart_column_nm (via sp_investigation_event JSON)	PIVOT MAX(answer_txt) FOR datamart_column_nm; fed by a VAR question the minimum-viable fixture did not author	INFERRED	—
D_VAR_PAM	VARICELLA_NO_2NDVACCINE_OTHER	sp_nrt_d_var_pam_postprocessing	nrt_page_case_answer.answer_txt (datamart_column_nm=VARICELLA_NO_2NDVACCINE_OTHER)	nbs_odse.dbo.nbs_case_answer.answer_txt + nbs_question.datamart_column_nm (via sp_investigation_event JSON)	PIVOT MAX(answer_txt) FOR datamart_column_nm; fed by a VAR question the minimum-viable fixture did not author	INFERRED	—
D_VAR_PAM	VARICELLA_NO_2NDVACCINE_REASON	sp_nrt_d_var_pam_postprocessing	nrt_page_case_answer.answer_txt (datamart_column_nm=VARICELLA_NO_2NDVACCINE_REASON)	nbs_odse.dbo.nbs_case_answer.answer_txt + nbs_question.datamart_column_nm (via sp_investigation_event JSON)	PIVOT MAX(answer_txt) FOR datamart_column_nm; fed by a VAR question the minimum-viable fixture did not author	INFERRED	—
D_VAR_PAM	VARICELLA_NO_VACCINE_OTHER	sp_nrt_d_var_pam_postprocessing	nrt_page_case_answer.answer_txt (datamart_column_nm=VARICELLA_NO_VACCINE_OTHER)	nbs_odse.dbo.nbs_case_answer.answer_txt + nbs_question.datamart_column_nm (via sp_investigation_event JSON)	PIVOT MAX(answer_txt) FOR datamart_column_nm; fed by a VAR question the minimum-viable fixture did not author	INFERRED	—
D_VAR_PAM	VARICELLA_NO_VACCINE_REASON	sp_nrt_d_var_pam_postprocessing	nrt_page_case_answer.answer_txt (datamart_column_nm=VARICELLA_NO_VACCINE_REASON)	nbs_odse.dbo.nbs_case_answer.answer_txt + nbs_question.datamart_column_nm (via sp_investigation_event JSON)	PIVOT MAX(answer_txt) FOR datamart_column_nm; fed by a VAR question the minimum-viable fixture did not author	INFERRED	—
D_VAR_PAM	VARICELLA_VACCINE_DOSES_NUMBER	sp_nrt_d_var_pam_postprocessing	nrt_page_case_answer.answer_txt (datamart_column_nm=VARICELLA_VACCINE_DOSES_NUMBER)	nbs_odse.dbo.nbs_case_answer.answer_txt + nbs_question.datamart_column_nm (via sp_investigation_event JSON)	PIVOT MAX(answer_txt) FOR datamart_column_nm; fed by a VAR question the minimum-viable fixture did not author	INFERRED	—
D_VAR_PAM	VESICLES_NUMBER	sp_nrt_d_var_pam_postprocessing	nrt_page_case_answer.answer_txt (datamart_column_nm=VESICLES_NUMBER)	nbs_odse.dbo.nbs_case_answer.answer_txt + nbs_question.datamart_column_nm (via sp_investigation_event JSON)	PIVOT MAX(answer_txt) FOR datamart_column_nm; fed by a VAR question the minimum-viable fixture did not author	INFERRED	—
D_VAR_PAM	VESICULAR	sp_nrt_d_var_pam_postprocessing	nrt_page_case_answer.answer_txt (datamart_column_nm=VESICULAR)	nbs_odse.dbo.nbs_case_answer.answer_txt + nbs_question.datamart_column_nm (via sp_investigation_event JSON)	PIVOT MAX(answer_txt) FOR datamart_column_nm; fed by a VAR question the minimum-viable fixture did not author	INFERRED	—
F_TB_PAM	D_TB_PAM_KEY	sp_f_tb_pam_postprocessing	nrt_investigation.public_health_case_uid (INV_FORM_RVCT) -> D_TB_PAM.D_TB_PAM_KEY	nbs_odse.dbo.public_health_case (via sp_investigation_event JSON)	FK to D_TB_PAM (the RVCT PAM pivot) on TB_PAM_UID=CASE_UID (SP line 658)	VERIFIED	tb_investigation_full_chain.sql (coverage_tb_full_chain.md)
F_TB_PAM	PERSON_KEY	sp_f_tb_pam_postprocessing	nrt_investigation.patient_id -> D_PATIENT.PATIENT_KEY	nbs_odse.dbo.participation (SubjOfPHC) patient -> via sp_investigation_event JSON	Keystore join nrt_investigation.patient_id -> D_PATIENT.PATIENT_UID	VERIFIED	tb_investigation_full_chain.sql (coverage_tb_full_chain.md)
F_TB_PAM	INVESTIGATION_KEY	sp_f_tb_pam_postprocessing	nrt_investigation.public_health_case_uid -> INVESTIGATION.CASE_UID	nbs_odse.dbo.public_health_case.public_health_case_uid (via sp_investigation_event JSON)	FK to INVESTIGATION on CASE_UID (SP line 660)	VERIFIED	tb_investigation_full_chain.sql (coverage_tb_full_chain.md)
F_TB_PAM	ADD_DATE_KEY	sp_f_tb_pam_postprocessing	nrt_investigation.add_time -> RDB_DATE.DATE_KEY	nbs_odse.dbo.public_health_case.add_time (via sp_investigation_event JSON)	RDB_DATE lookup on CONVERT(date, add_time) (SP line 672)	VERIFIED	tb_investigation_full_chain.sql (coverage_tb_full_chain.md)
F_TB_PAM	LAST_CHG_DATE_KEY	sp_f_tb_pam_postprocessing	nrt_investigation.last_chg_time -> RDB_DATE.DATE_KEY	nbs_odse.dbo.public_health_case.last_chg_time (via sp_investigation_event JSON)	RDB_DATE lookup on CONVERT(date, last_chg_time) (SP line 674)	VERIFIED	tb_investigation_full_chain.sql (coverage_tb_full_chain.md)
F_TB_PAM	D_DISEASE_SITE_GROUP_KEY	sp_f_tb_pam_postprocessing	D_DISEASE_SITE.D_DISEASE_SITE_GROUP_KEY (page-answer-fed topic dim)	nbs_odse.dbo.nbs_case_answer.answer_txt (DISEASE_SITE multi-value answers, via sp_investigation_event JSON)	FK to TB topic-group dim keyed by TB_PAM_UID; group key set by sp_nrt_d_disease_site_postprocessing	VERIFIED	tb_investigation_full_chain.sql (coverage_tb_full_chain.md)
F_TB_PAM	D_ADDL_RISK_GROUP_KEY	sp_f_tb_pam_postprocessing	D_ADDL_RISK.D_ADDL_RISK_GROUP_KEY (page-answer-fed topic dim)	nbs_odse.dbo.nbs_case_answer.answer_txt (ADDL_RISK multi-value answers, via sp_investigation_event JSON)	FK to TB topic-group dim keyed by TB_PAM_UID; group key set by sp_nrt_d_addl_risk_postprocessing	VERIFIED	tb_investigation_full_chain.sql (coverage_tb_full_chain.md)
F_TB_PAM	D_GT_12_REAS_GROUP_KEY	sp_f_tb_pam_postprocessing	D_GT_12_REAS.D_GT_12_REAS_GROUP_KEY (page-answer-fed topic dim)	nbs_odse.dbo.nbs_case_answer.answer_txt (GT_12_REAS multi-value answers, via sp_investigation_event JSON)	FK to TB topic-group dim keyed by TB_PAM_UID; group key set by sp_nrt_d_gt_12_reas_postprocessing	VERIFIED	tb_investigation_full_chain.sql (coverage_tb_full_chain.md)
F_TB_PAM	D_HC_PROV_TY_3_GROUP_KEY	sp_f_tb_pam_postprocessing	D_HC_PROV_TY_3.D_HC_PROV_TY_3_GROUP_KEY (page-answer-fed topic dim)	nbs_odse.dbo.nbs_case_answer.answer_txt (HC_PROV_TY_3 multi-value answers, via sp_investigation_event JSON)	FK to TB topic-group dim keyed by TB_PAM_UID; group key set by sp_nrt_d_hc_prov_ty_3_postprocessing	VERIFIED	tb_investigation_full_chain.sql (coverage_tb_full_chain.md)
F_TB_PAM	D_MOVE_CNTRY_GROUP_KEY	sp_f_tb_pam_postprocessing	D_MOVE_CNTRY.D_MOVE_CNTRY_GROUP_KEY (page-answer-fed topic dim)	nbs_odse.dbo.nbs_case_answer.answer_txt (MOVE_CNTRY multi-value answers, via sp_investigation_event JSON)	FK to TB topic-group dim keyed by TB_PAM_UID; group key set by sp_nrt_d_move_cntry_postprocessing	VERIFIED	tb_investigation_full_chain.sql (coverage_tb_full_chain.md)
F_TB_PAM	D_MOVE_CNTY_GROUP_KEY	sp_f_tb_pam_postprocessing	D_MOVE_CNTY.D_MOVE_CNTY_GROUP_KEY (page-answer-fed topic dim)	nbs_odse.dbo.nbs_case_answer.answer_txt (MOVE_CNTY multi-value answers, via sp_investigation_event JSON)	FK to TB topic-group dim keyed by TB_PAM_UID; group key set by sp_nrt_d_move_cnty_postprocessing	VERIFIED	tb_investigation_full_chain.sql (coverage_tb_full_chain.md)
F_TB_PAM	D_MOVE_STATE_GROUP_KEY	sp_f_tb_pam_postprocessing	D_MOVE_STATE.D_MOVE_STATE_GROUP_KEY (page-answer-fed topic dim)	nbs_odse.dbo.nbs_case_answer.answer_txt (MOVE_STATE multi-value answers, via sp_investigation_event JSON)	FK to TB topic-group dim keyed by TB_PAM_UID; group key set by sp_nrt_d_move_state_postprocessing	VERIFIED	tb_investigation_full_chain.sql (coverage_tb_full_chain.md)
F_TB_PAM	D_MOVED_WHERE_GROUP_KEY	sp_f_tb_pam_postprocessing	D_MOVED_WHERE.D_MOVED_WHERE_GROUP_KEY (page-answer-fed topic dim)	nbs_odse.dbo.nbs_case_answer.answer_txt (MOVED_WHERE multi-value answers, via sp_investigation_event JSON)	FK to TB topic-group dim keyed by TB_PAM_UID; group key set by sp_nrt_d_moved_where_postprocessing	VERIFIED	tb_investigation_full_chain.sql (coverage_tb_full_chain.md)
F_TB_PAM	D_OUT_OF_CNTRY_GROUP_KEY	sp_f_tb_pam_postprocessing	D_OUT_OF_CNTRY.D_OUT_OF_CNTRY_GROUP_KEY (page-answer-fed topic dim)	nbs_odse.dbo.nbs_case_answer.answer_txt (OUT_OF_CNTRY multi-value answers, via sp_investigation_event JSON)	FK to TB topic-group dim keyed by TB_PAM_UID; group key set by sp_nrt_d_out_of_cntry_postprocessing	VERIFIED	tb_investigation_full_chain.sql (coverage_tb_full_chain.md)
F_TB_PAM	D_SMR_EXAM_TY_GROUP_KEY	sp_f_tb_pam_postprocessing	D_SMR_EXAM_TY.D_SMR_EXAM_TY_GROUP_KEY (page-answer-fed topic dim)	nbs_odse.dbo.nbs_case_answer.answer_txt (SMR_EXAM_TY multi-value answers, via sp_investigation_event JSON)	FK to TB topic-group dim keyed by TB_PAM_UID; group key set by sp_nrt_d_smr_exam_ty_postprocessing	VERIFIED	tb_investigation_full_chain.sql (coverage_tb_full_chain.md)
F_TB_PAM	PROVIDER_KEY	sp_f_tb_pam_postprocessing	nrt_investigation.investigator_id -> D_PROVIDER.PROVIDER_KEY	nbs_odse.dbo.participation (InvestgrOfPHC) -> via sp_investigation_event JSON	Keystore COALESCE(PROVIDER_KEY,1); sentinel-1 when no TB investigator participation (LINK_REQUIRED)	VERIFIED	tb_investigation_full_chain.sql (coverage_tb_full_chain.md)
F_TB_PAM	PHYSICIAN_KEY	sp_f_tb_pam_postprocessing	nrt_investigation.physician_id -> D_PROVIDER.PROVIDER_KEY	nbs_odse.dbo.participation (PhysicianOfPHC) -> via sp_investigation_event JSON	Keystore COALESCE(PROVIDER_KEY,1); sentinel-1, no PhysicianOfPHC edge on this PHC (LINK_REQUIRED)	VERIFIED	tb_investigation_full_chain.sql (coverage_tb_full_chain.md)
F_TB_PAM	HOSPITAL_KEY	sp_f_tb_pam_postprocessing	nrt_investigation.hospital_uid -> D_ORGANIZATION.ORGANIZATION_KEY	nbs_odse.dbo.participation (HospOfADT) -> via sp_investigation_event JSON	Keystore COALESCE(ORGANIZATION_KEY,1); sentinel-1, no hospital edge on this PHC (LINK_REQUIRED)	VERIFIED	tb_investigation_full_chain.sql (coverage_tb_full_chain.md)
F_TB_PAM	ORG_AS_REPORTER_KEY	sp_f_tb_pam_postprocessing	nrt_investigation.org_as_reporter_uid -> D_ORGANIZATION.ORGANIZATION_KEY	nbs_odse.dbo.participation (OrgAsReporterOfPHC) -> via sp_investigation_event JSON	Keystore COALESCE(ORGANIZATION_KEY,1); sentinel-1, no reporter org edge (LINK_REQUIRED)	VERIFIED	tb_investigation_full_chain.sql (coverage_tb_full_chain.md)
F_TB_PAM	PERSON_AS_REPORTER_KEY	sp_f_tb_pam_postprocessing	nrt_investigation.person_as_reporter_uid -> D_PROVIDER.PROVIDER_KEY	nbs_odse.dbo.participation (PerAsReporterOfPHC) -> via sp_investigation_event JSON	Keystore COALESCE(PROVIDER_KEY,1); sentinel-1, no person-reporter edge (LINK_REQUIRED)	VERIFIED	tb_investigation_full_chain.sql (coverage_tb_full_chain.md)
F_VAR_PAM	D_VAR_PAM_KEY	sp_f_var_pam_postprocessing	nrt_investigation.nac_page_case_uid (INV_FORM_VAR) -> D_VAR_PAM.D_VAR_PAM_KEY	nbs_odse.dbo.public_health_case (via sp_investigation_event JSON)	FK to D_VAR_PAM (the VAR PAM pivot) on VAR_PAM_UID=CASE_UID (SP line 412)	VERIFIED	varicella_investigation_full_chain.sql (coverage_varicella_full_chain.md)
F_VAR_PAM	PERSON_KEY	sp_f_var_pam_postprocessing	nrt_investigation.patient_id -> D_PATIENT.PATIENT_KEY	nbs_odse.dbo.participation (SubjOfPHC) patient -> via sp_investigation_event JSON	Keystore join nrt_investigation.patient_id -> D_PATIENT.PATIENT_UID (SP line 113)	VERIFIED	varicella_investigation_full_chain.sql (coverage_varicella_full_chain.md)
F_VAR_PAM	INVESTIGATION_KEY	sp_f_var_pam_postprocessing	nrt_investigation.nac_page_case_uid -> INVESTIGATION.CASE_UID	nbs_odse.dbo.public_health_case.public_health_case_uid (via sp_investigation_event JSON)	FK to INVESTIGATION on CASE_UID (SP line 420)	VERIFIED	varicella_investigation_full_chain.sql (coverage_varicella_full_chain.md)
F_VAR_PAM	ADD_DATE_KEY	sp_f_var_pam_postprocessing	nrt_investigation.add_time -> RDB_DATE.DATE_KEY	nbs_odse.dbo.public_health_case.add_time (via sp_investigation_event JSON)	RDB_DATE lookup on CONVERT(date, INVESTIGATION.ADD_TIME) (SP line 422)	VERIFIED	varicella_investigation_full_chain.sql (coverage_varicella_full_chain.md)
F_VAR_PAM	LAST_CHG_DATE_KEY	sp_f_var_pam_postprocessing	nrt_investigation.last_chg_time -> RDB_DATE.DATE_KEY	nbs_odse.dbo.public_health_case.last_chg_time (via sp_investigation_event JSON)	RDB_DATE lookup on CONVERT(date, INVESTIGATION.LAST_CHG_TIME) (SP line 424)	VERIFIED	varicella_investigation_full_chain.sql (coverage_varicella_full_chain.md)
F_VAR_PAM	D_RASH_LOC_GEN_GROUP_KEY	sp_f_var_pam_postprocessing	D_RASH_LOC_GEN.D_RASH_LOC_GEN_GROUP_KEY (page-answer-fed topic dim)	nbs_odse.dbo.nbs_case_answer.answer_txt (RASH_LOC_GEN multi-value answers, via sp_investigation_event JSON)	FK to VAR topic-group dim keyed by VAR_PAM_UID; group key set by sp_nrt_d_rash_loc_gen_postprocessing	VERIFIED	varicella_investigation_full_chain.sql (coverage_varicella_full_chain.md)
F_VAR_PAM	D_PCR_SOURCE_GROUP_KEY	sp_f_var_pam_postprocessing	D_PCR_SOURCE.D_PCR_SOURCE_GROUP_KEY (page-answer-fed topic dim)	nbs_odse.dbo.nbs_case_answer.answer_txt (PCR_SOURCE multi-value answers, via sp_investigation_event JSON)	FK to VAR topic-group dim keyed by VAR_PAM_UID; group key set by sp_nrt_d_pcr_source_postprocessing	VERIFIED	varicella_investigation_full_chain.sql (coverage_varicella_full_chain.md)
F_VAR_PAM	PROVIDER_KEY	sp_f_var_pam_postprocessing	nrt_investigation.investigator_id -> D_PROVIDER.PROVIDER_KEY	nbs_odse.dbo.participation (InvestgrOfPHC) -> via sp_investigation_event JSON	Keystore COALESCE(PROVIDER_KEY,1); sentinel-1 when no VAR investigator participation (LINK_REQUIRED)	VERIFIED	varicella_investigation_full_chain.sql (coverage_varicella_full_chain.md)
F_VAR_PAM	PHYSICIAN_KEY	sp_f_var_pam_postprocessing	nrt_investigation.physician_id -> D_PROVIDER.PROVIDER_KEY	nbs_odse.dbo.participation (PhysicianOfPHC) -> via sp_investigation_event JSON	Keystore COALESCE(PROVIDER_KEY,1); sentinel-1, no PhysicianOfPHC edge (LINK_REQUIRED)	VERIFIED	varicella_investigation_full_chain.sql (coverage_varicella_full_chain.md)
F_VAR_PAM	HOSPITAL_KEY	sp_f_var_pam_postprocessing	nrt_investigation.hospital_uid -> D_ORGANIZATION.ORGANIZATION_KEY	nbs_odse.dbo.participation (HospOfADT) -> via sp_investigation_event JSON	Keystore COALESCE(ORGANIZATION_KEY,1); sentinel-1, no hospital edge (LINK_REQUIRED)	VERIFIED	varicella_investigation_full_chain.sql (coverage_varicella_full_chain.md)
F_VAR_PAM	ORG_AS_REPORTER_KEY	sp_f_var_pam_postprocessing	nrt_investigation.org_as_reporter_uid -> D_ORGANIZATION.ORGANIZATION_KEY	nbs_odse.dbo.participation (OrgAsReporterOfPHC) -> via sp_investigation_event JSON	Keystore COALESCE(ORGANIZATION_KEY,1); sentinel-1, no reporter org edge (LINK_REQUIRED)	VERIFIED	varicella_investigation_full_chain.sql (coverage_varicella_full_chain.md)
F_VAR_PAM	PERSON_AS_REPORTER_KEY	sp_f_var_pam_postprocessing	nrt_investigation.person_as_reporter_uid -> D_PROVIDER.PROVIDER_KEY	nbs_odse.dbo.participation (PerAsReporterOfPHC) -> via sp_investigation_event JSON	Keystore COALESCE(PROVIDER_KEY,1); sentinel-1, no person-reporter edge (LINK_REQUIRED)	VERIFIED	varicella_investigation_full_chain.sql (coverage_varicella_full_chain.md)
D_TB_HIV	D_TB_HIV_KEY	sp_nrt_d_tb_hiv_postprocessing	nrt_d_tb_hiv_key keystore (keyed by TB_PAM_UID)	—	Surrogate key allocated from nrt_d_tb_hiv_key (SP line 336)	VERIFIED	tb_investigation_full_chain.sql (coverage_tb_full_chain.md)
D_TB_HIV	TB_PAM_UID	sp_nrt_d_tb_hiv_postprocessing	nrt_page_case_answer.ACT_UID (INV_FORM_RVCT)	nbs_odse.dbo.public_health_case.public_health_case_uid (via sp_investigation_event JSON)	CAST(ACT_UID AS BIGINT) (SP line 92)	VERIFIED	tb_investigation_full_chain.sql (coverage_tb_full_chain.md)
D_TB_HIV	HIV_STATUS	sp_nrt_d_tb_hiv_postprocessing	nrt_page_case_answer.answer_txt (question_identifier TUB155, datamart_column_nm=HIV_STATUS)	nbs_odse.dbo.nbs_case_answer.answer_txt + nbs_question.question_identifier=TUB155 (via sp_investigation_event JSON)	PIVOT MAX(answer_txt) FOR datamart_column_nm; coded via nrt_srte_code_value_general (SP lines 104, 300-312)	VERIFIED	tb_investigation_full_chain.sql (coverage_tb_full_chain.md)
D_TB_HIV	HIV_STATE_PATIENT_NUM	sp_nrt_d_tb_hiv_postprocessing	nrt_page_case_answer.answer_txt (question_identifier TUB154, datamart_column_nm=HIV_STATE_PATIENT_NUM)	nbs_odse.dbo.nbs_case_answer.answer_txt + nbs_question.question_identifier=TUB154 (via sp_investigation_event JSON)	PIVOT MAX(answer_txt) FOR datamart_column_nm (SP lines 104, 300-312)	VERIFIED	tb_investigation_full_chain.sql (coverage_tb_full_chain.md)
D_TB_HIV	HIV_CITY_CNTY_PATIENT_NUM	sp_nrt_d_tb_hiv_postprocessing	nrt_page_case_answer.answer_txt (question_identifier TUB156, datamart_column_nm=HIV_CITY_CNTY_PATIENT_NUM)	nbs_odse.dbo.nbs_case_answer.answer_txt + nbs_question.question_identifier=TUB156 (via sp_investigation_event JSON)	PIVOT MAX(answer_txt) FOR datamart_column_nm (SP lines 104, 300-312)	VERIFIED	tb_investigation_full_chain.sql (coverage_tb_full_chain.md)
D_TB_HIV	LAST_CHG_TIME	sp_nrt_d_tb_hiv_postprocessing	nrt_page_case_answer.last_chg_time	nbs_odse.dbo.nbs_case_answer.last_chg_time (via sp_investigation_event JSON)	MAX(LAST_CHG_TIME) over the TUB154/155/156 answers (SP line 305)	VERIFIED	tb_investigation_full_chain.sql (coverage_tb_full_chain.md)
TB_PAM_LDF	INVESTIGATION_KEY	sp_nrt_tb_pam_ldf_postprocessing	nrt_investigation.public_health_case_uid -> investigation.CASE_UID	nbs_odse.dbo.public_health_case.public_health_case_uid (via sp_investigation_event JSON)	Base col; LEFT JOIN investigation on TB_PAM_UID=CASE_UID (dynamic INSERT, SP lines 559-571)	VERIFIED	zz_ldf_flagged_answers.sql (coverage_merged.md tb_pam_ldf 6/6)
TB_PAM_LDF	TB_PAM_UID	sp_nrt_tb_pam_ldf_postprocessing	nrt_page_case_answer.ACT_UID (INV_FORM_RVCT, LDF_STATUS_CD in LDF_UPDATE/CREATE/PROCESSED)	nbs_odse.dbo.public_health_case.public_health_case_uid (via sp_investigation_event JSON)	Base col; CAST(ACT_UID AS BIGINT) (SP line 73)	VERIFIED	zz_ldf_flagged_answers.sql (coverage_merged.md tb_pam_ldf 6/6)
TB_PAM_LDF	ADD_TIME	sp_nrt_tb_pam_ldf_postprocessing	nrt_page_case_answer.nca_add_time	nbs_odse.dbo.nbs_case_answer.add_time (via sp_investigation_event JSON)	Base col; ADD_TIME = NCA_ADD_TIME (SP line 76); not captured in static catalog extract	VERIFIED	zz_ldf_flagged_answers.sql (coverage_merged.md tb_pam_ldf 6/6)
TB_PAM_LDF	END	sp_nrt_tb_pam_ldf_postprocessing	nrt_page_case_answer.answer_txt (datamart_column_nm pivoted)	nbs_odse.dbo.nbs_case_answer.answer_txt + nbs_question.datamart_column_nm (LDF-flagged, via sp_investigation_event JSON)	DYNAMIC: column ALTER-added then PIVOT MAX(answer_txt) FOR datamart_column_nm; col name driven by LDF nbs_question.datamart_column_nm (SP lines 384-491)	DYNAMIC	—
TB_PAM_LDF	THEN	sp_nrt_tb_pam_ldf_postprocessing	nrt_page_case_answer.answer_txt (datamart_column_nm pivoted)	nbs_odse.dbo.nbs_case_answer.answer_txt + nbs_question.datamart_column_nm (LDF-flagged, via sp_investigation_event JSON)	DYNAMIC: column ALTER-added then PIVOT MAX(answer_txt) FOR datamart_column_nm; col name driven by LDF nbs_question.datamart_column_nm (SP lines 384-491)	DYNAMIC	—
VAR_PAM_LDF	INVESTIGATION_KEY	sp_nrt_var_pam_ldf_postprocessing	nrt_investigation.public_health_case_uid -> investigation.CASE_UID	nbs_odse.dbo.public_health_case.public_health_case_uid (via sp_investigation_event JSON)	Base col; LEFT JOIN investigation on VAR_PAM_UID=case_uid (dynamic INSERT, SP lines 493-525)	VERIFIED	zz_ldf_flagged_answers.sql (coverage_merged.md var_pam_ldf 6/6)
VAR_PAM_LDF	VAR_PAM_UID	sp_nrt_var_pam_ldf_postprocessing	nrt_page_case_answer.ACT_UID (INV_FORM_VAR, LDF-flagged)	nbs_odse.dbo.public_health_case.public_health_case_uid (via sp_investigation_event JSON)	Base col; D_VAR_PAM_UID = VAR_PAM_UID (SP line 494)	VERIFIED	zz_ldf_flagged_answers.sql (coverage_merged.md var_pam_ldf 6/6)
VAR_PAM_LDF	ADD_TIME	sp_nrt_var_pam_ldf_postprocessing	nrt_page_case_answer.nca_add_time	nbs_odse.dbo.nbs_case_answer.add_time (via sp_investigation_event JSON)	Base col; ADD_TIME from #LDF_BASE_TRANSLATED (SP line 495)	VERIFIED	zz_ldf_flagged_answers.sql (coverage_merged.md var_pam_ldf 6/6)
VAR_PAM_LDF	END	sp_nrt_var_pam_ldf_postprocessing	nrt_page_case_answer.answer_txt (datamart_column_nm pivoted)	nbs_odse.dbo.nbs_case_answer.answer_txt + nbs_question.datamart_column_nm (LDF-flagged, via sp_investigation_event JSON)	DYNAMIC: column ALTER-added then PIVOT MAX(answer_txt) FOR datamart_column_nm; col name driven by LDF nbs_question.datamart_column_nm	DYNAMIC	—
VAR_PAM_LDF	THEN	sp_nrt_var_pam_ldf_postprocessing	nrt_page_case_answer.answer_txt (datamart_column_nm pivoted)	nbs_odse.dbo.nbs_case_answer.answer_txt + nbs_question.datamart_column_nm (LDF-flagged, via sp_investigation_event JSON)	DYNAMIC: column ALTER-added then PIVOT MAX(answer_txt) FOR datamart_column_nm; col name driven by LDF nbs_question.datamart_column_nm	DYNAMIC	—
F_STD_PAGE_CASE	INVESTIGATION_KEY	sp_f_std_page_case_postprocessing	nrt_investigation.public_health_case_uid -> INVESTIGATION.CASE_UID	nbs_odse.dbo.public_health_case.public_health_case_uid (via sp_investigation_event JSON)	COALESCE(INVESTIGATION.INVESTIGATION_KEY,1) on PAGE_CASE_UID=CASE_UID (SP line 192)	VERIFIED	std_hiv_investigation_full_chain.sql (coverage_std_hiv_full_chain.md)
F_STD_PAGE_CASE	PATIENT_KEY	sp_f_std_page_case_postprocessing	nrt_investigation.patient_id -> D_PATIENT.PATIENT_KEY	nbs_odse.dbo.participation (SubjOfPHC) -> via sp_investigation_event JSON	COALESCE(D_PATIENT.PATIENT_KEY,1) on patient_id=PATIENT_UID (SP line 180)	VERIFIED	std_hiv_investigation_full_chain.sql (coverage_std_hiv_full_chain.md)
F_STD_PAGE_CASE	CONDITION_KEY	sp_f_std_page_case_postprocessing	nrt_investigation.CD -> CONDITION.CONDITION_CD	nbs_odse.dbo.public_health_case.cd (via sp_investigation_event JSON)	COALESCE(CONDITION.CONDITION_KEY,1) on CD=CONDITION_CD (SP line 193)	VERIFIED	std_hiv_investigation_full_chain.sql (coverage_std_hiv_full_chain.md)
F_STD_PAGE_CASE	ADD_DATE_KEY	sp_f_std_page_case_postprocessing	nrt_investigation.add_time -> RDB_DATE.DATE_KEY	nbs_odse.dbo.public_health_case.add_time (via sp_investigation_event JSON)	RDB_DATE.DATE_KEY lookup on ADD_TIME (SP lines 366-373)	VERIFIED	std_hiv_investigation_full_chain.sql (coverage_std_hiv_full_chain.md)
F_STD_PAGE_CASE	LAST_CHG_DATE_KEY	sp_f_std_page_case_postprocessing	nrt_investigation.last_chg_time -> RDB_DATE.DATE_KEY	nbs_odse.dbo.public_health_case.last_chg_time (via sp_investigation_event JSON)	RDB_DATE.DATE_KEY lookup on LAST_CHG_TIME (SP lines 367-375)	VERIFIED	std_hiv_investigation_full_chain.sql (coverage_std_hiv_full_chain.md)
F_STD_PAGE_CASE	D_INV_HIV_KEY	sp_f_std_page_case_postprocessing	L_INV_HIV.PAGE_CASE_UID -> D_INV_HIV.D_INV_HIV_KEY	—	COALESCE(D_INV_HIV_KEY,1) via L_INV_HIV link on PAGE_CASE_UID (SP line 272); D_INV_HIV/L_INV_HIV are MasterETL-only persistent dims hand-authored by the STD fixture	VERIFIED	std_hiv_investigation_full_chain.sql (coverage_std_hiv_full_chain.md)
F_STD_PAGE_CASE	D_INV_ADMINISTRATIVE_KEY	sp_f_std_page_case_postprocessing	L_INV_ADMINISTRATIVE.PAGE_CASE_UID -> D_INV_ADMINISTRATIVE_KEY	—	COALESCE(...,1) via L_INV_ADMINISTRATIVE link (SP line 266); MasterETL-only dim hand-authored by STD fixture	VERIFIED	std_hiv_investigation_full_chain.sql (coverage_std_hiv_full_chain.md)
F_STD_PAGE_CASE	D_INV_CLINICAL_KEY	sp_f_std_page_case_postprocessing	L_INV_CLINICAL.PAGE_CASE_UID -> D_INV_CLINICAL_KEY	—	COALESCE(...,1) via L_INV_CLINICAL link (SP line 267); MasterETL-only dim hand-authored by STD fixture	VERIFIED	std_hiv_investigation_full_chain.sql (coverage_std_hiv_full_chain.md)
F_STD_PAGE_CASE	D_INV_COMPLICATION_KEY	sp_f_std_page_case_postprocessing	L_INV_COMPLICATION.PAGE_CASE_UID -> D_INV_COMPLICATION_KEY	—	COALESCE(...,1) via L_INV_COMPLICATION link (SP line 268); MasterETL-only dim hand-authored by STD fixture	VERIFIED	std_hiv_investigation_full_chain.sql (coverage_std_hiv_full_chain.md)
F_STD_PAGE_CASE	D_INV_EPIDEMIOLOGY_KEY	sp_f_std_page_case_postprocessing	L_INV_EPIDEMIOLOGY.PAGE_CASE_UID -> D_INV_EPIDEMIOLOGY_KEY	—	COALESCE(...,1) via L_INV_EPIDEMIOLOGY link (SP line 271); MasterETL-only dim hand-authored by STD fixture	VERIFIED	std_hiv_investigation_full_chain.sql (coverage_std_hiv_full_chain.md)
F_STD_PAGE_CASE	D_INV_CONTACT_KEY	sp_f_std_page_case_postprocessing	L_INV_CONTACT.PAGE_CASE_UID -> D_INV_CONTACT.D_INV_CONTACT_KEY	—	COALESCE(...,1); MasterETL-only dim, no L_INV_CONTACT row authored -> resolves sentinel 1 (SP line 269)	MASTERETL_ONLY	—
F_STD_PAGE_CASE	D_INV_DEATH_KEY	sp_f_std_page_case_postprocessing	L_INV_DEATH.PAGE_CASE_UID -> D_INV_DEATH.D_INV_DEATH_KEY	—	COALESCE(...,1); MasterETL-only dim, no L_INV_DEATH row authored -> sentinel 1 (SP line 270)	MASTERETL_ONLY	—
F_STD_PAGE_CASE	D_INV_ISOLATE_TRACKING_KEY	sp_f_std_page_case_postprocessing	L_INV_ISOLATE_TRACKING.PAGE_CASE_UID -> D_INV_ISOLATE_TRACKING_KEY	—	COALESCE(...,1); MasterETL-only dim -> sentinel 1 (SP line 274)	MASTERETL_ONLY	—
F_STD_PAGE_CASE	D_INV_LAB_FINDING_KEY	sp_f_std_page_case_postprocessing	L_INV_LAB_FINDING.PAGE_CASE_UID -> D_INV_LAB_FINDING_KEY	—	COALESCE(...,1); MasterETL-only dim -> sentinel 1 (SP line 275)	MASTERETL_ONLY	—
F_STD_PAGE_CASE	D_INV_MEDICAL_HISTORY_KEY	sp_f_std_page_case_postprocessing	L_INV_MEDICAL_HISTORY.PAGE_CASE_UID -> D_INV_MEDICAL_HISTORY_KEY	—	COALESCE(...,1); MasterETL-only dim -> sentinel 1 (SP line 276)	MASTERETL_ONLY	—
F_STD_PAGE_CASE	D_INV_MOTHER_KEY	sp_f_std_page_case_postprocessing	L_INV_MOTHER.PAGE_CASE_UID -> D_INV_MOTHER_KEY	—	COALESCE(...,1); MasterETL-only dim -> sentinel 1 (SP line 277)	MASTERETL_ONLY	—
F_STD_PAGE_CASE	D_INV_OTHER_KEY	sp_f_std_page_case_postprocessing	L_INV_OTHER.PAGE_CASE_UID -> D_INV_OTHER_KEY	—	COALESCE(...,1); MasterETL-only dim -> sentinel 1 (SP line 278)	MASTERETL_ONLY	—
F_STD_PAGE_CASE	D_INV_PATIENT_OBS_KEY	sp_f_std_page_case_postprocessing	L_INV_PATIENT_OBS.PAGE_CASE_UID -> D_INV_PATIENT_OBS_KEY	—	COALESCE(...,1); MasterETL-only dim -> sentinel 1 (SP line 273)	MASTERETL_ONLY	—
F_STD_PAGE_CASE	D_INV_PREGNANCY_BIRTH_KEY	sp_f_std_page_case_postprocessing	L_INV_PREGNANCY_BIRTH.PAGE_CASE_UID -> D_INV_PREGNANCY_BIRTH_KEY	—	COALESCE(...,1); MasterETL-only dim -> sentinel 1 (SP line 279)	MASTERETL_ONLY	—
F_STD_PAGE_CASE	D_INV_RESIDENCY_KEY	sp_f_std_page_case_postprocessing	L_INV_RESIDENCY.PAGE_CASE_UID -> D_INV_RESIDENCY_KEY	—	COALESCE(...,1); MasterETL-only dim -> sentinel 1 (SP line 280)	MASTERETL_ONLY	—
F_STD_PAGE_CASE	D_INV_RISK_FACTOR_KEY	sp_f_std_page_case_postprocessing	L_INV_RISK_FACTOR.PAGE_CASE_UID -> D_INV_RISK_FACTOR_KEY	—	COALESCE(...,1); MasterETL-only dim -> sentinel 1 (SP line 281)	MASTERETL_ONLY	—
F_STD_PAGE_CASE	D_INV_SOCIAL_HISTORY_KEY	sp_f_std_page_case_postprocessing	L_INV_SOCIAL_HISTORY.PAGE_CASE_UID -> D_INV_SOCIAL_HISTORY_KEY	—	COALESCE(...,1); MasterETL-only dim -> sentinel 1 (SP line 282)	MASTERETL_ONLY	—
F_STD_PAGE_CASE	D_INV_SYMPTOM_KEY	sp_f_std_page_case_postprocessing	L_INV_SYMPTOM.PAGE_CASE_UID -> D_INV_SYMPTOM_KEY	—	COALESCE(...,1); MasterETL-only dim -> sentinel 1 (SP line 283)	MASTERETL_ONLY	—
F_STD_PAGE_CASE	D_INV_TRAVEL_KEY	sp_f_std_page_case_postprocessing	L_INV_TRAVEL.PAGE_CASE_UID -> D_INV_TRAVEL_KEY	—	COALESCE(...,1); MasterETL-only dim -> sentinel 1 (SP line 285)	MASTERETL_ONLY	—
F_STD_PAGE_CASE	D_INV_TREATMENT_KEY	sp_f_std_page_case_postprocessing	L_INV_TREATMENT.PAGE_CASE_UID -> D_INV_TREATMENT_KEY	—	COALESCE(...,1); MasterETL-only dim -> sentinel 1 (SP line 284)	MASTERETL_ONLY	—
F_STD_PAGE_CASE	D_INV_UNDER_CONDITION_KEY	sp_f_std_page_case_postprocessing	L_INV_UNDER_CONDITION.PAGE_CASE_UID -> D_INV_UNDER_CONDITION_KEY	—	COALESCE(...,1); MasterETL-only dim -> sentinel 1 (SP line 286)	MASTERETL_ONLY	—
F_STD_PAGE_CASE	D_INV_VACCINATION_KEY	sp_f_std_page_case_postprocessing	L_INV_VACCINATION.PAGE_CASE_UID -> D_INV_VACCINATION_KEY	—	COALESCE(...,1); MasterETL-only dim -> sentinel 1 (SP line 287)	MASTERETL_ONLY	—
F_STD_PAGE_CASE	D_INVESTIGATION_REPEAT_KEY	sp_f_std_page_case_postprocessing	L_INVESTIGATION_REPEAT.PAGE_CASE_UID -> D_INVESTIGATION_REPEAT_KEY	—	COALESCE(...,1); resolves to D_INVESTIGATION_REPEAT (RTR-populated elsewhere) else sentinel 1 (SP line 288)	INFERRED	—
F_STD_PAGE_CASE	D_INV_PLACE_REPEAT_KEY	sp_f_std_page_case_postprocessing	L_INV_PLACE_REPEAT.PAGE_CASE_UID -> D_INV_PLACE_REPEAT_KEY	—	COALESCE(...,1); resolves to D_INV_PLACE_REPEAT (RTR-populated elsewhere) else sentinel 1 (SP line 289)	INFERRED	—
F_STD_PAGE_CASE	GEOCODING_LOCATION_KEY	sp_f_std_page_case_postprocessing	D_PATIENT.PATIENT_UID -> GEOCODING_LOCATION.ENTITY_UID	—	COALESCE(GEOCODING_LOCATION_KEY,1); GEOCODING_LOCATION is MasterETL-only -> sentinel 1 (SP lines 194,239)	MASTERETL_ONLY	—
F_STD_PAGE_CASE	HOSPITAL_KEY	sp_f_std_page_case_postprocessing	nrt_investigation.hospital_uid -> D_ORGANIZATION.ORGANIZATION_KEY	nbs_odse.dbo.participation (HospOfADT) -> via sp_investigation_event JSON	COALESCE(ORGANIZATION_KEY,1); sentinel-1, no Tier-2 hospital edge on STD PHC (LINK_REQUIRED, SP line 183)	VERIFIED	std_hiv_investigation_full_chain.sql (coverage_std_hiv_full_chain.md)
F_STD_PAGE_CASE	ORG_AS_REPORTER_KEY	sp_f_std_page_case_postprocessing	nrt_investigation.org_as_reporter_uid -> D_ORGANIZATION.ORGANIZATION_KEY	nbs_odse.dbo.participation (OrgAsReporterOfPHC) -> via sp_investigation_event JSON	COALESCE(ORGANIZATION_KEY,1); sentinel-1, no reporter org edge (LINK_REQUIRED, SP line 185)	VERIFIED	std_hiv_investigation_full_chain.sql (coverage_std_hiv_full_chain.md)
F_STD_PAGE_CASE	PERSON_AS_REPORTER_KEY	sp_f_std_page_case_postprocessing	nrt_investigation.person_as_reporter_uid -> D_PROVIDER.PROVIDER_KEY	nbs_odse.dbo.participation (PerAsReporterOfPHC) -> via sp_investigation_event JSON	COALESCE(PROVIDER_KEY,1); sentinel-1, no person-reporter edge (LINK_REQUIRED, SP line 187)	VERIFIED	std_hiv_investigation_full_chain.sql (coverage_std_hiv_full_chain.md)
F_STD_PAGE_CASE	PHYSICIAN_KEY	sp_f_std_page_case_postprocessing	nrt_investigation.physician_id -> D_PROVIDER.PROVIDER_KEY	nbs_odse.dbo.participation (PhysicianOfPHC) -> via sp_investigation_event JSON	COALESCE(PROVIDER_KEY,1); sentinel-1, no PhysicianOfPHC edge (LINK_REQUIRED, SP line 189)	VERIFIED	std_hiv_investigation_full_chain.sql (coverage_std_hiv_full_chain.md)
F_STD_PAGE_CASE	INVESTIGATOR_KEY	sp_f_std_page_case_postprocessing	nrt_investigation.investigator_id -> D_PROVIDER.PROVIDER_KEY	nbs_odse.dbo.participation (InvestgrOfPHC) -> via sp_investigation_event JSON	COALESCE(PROVIDER_KEY,1); sentinel-1, no investigator edge (LINK_REQUIRED, SP line 191)	VERIFIED	std_hiv_investigation_full_chain.sql (coverage_std_hiv_full_chain.md)
F_STD_PAGE_CASE	ORDERING_FACILITY_KEY	sp_f_std_page_case_postprocessing	nrt_investigation.ordering_facility_uid -> D_ORGANIZATION.ORGANIZATION_KEY	nbs_odse.dbo.participation (ordering facility) -> via sp_investigation_event JSON	COALESCE(ORGANIZATION_KEY,1); sentinel-1, no edge (LINK_REQUIRED, SP line 195)	INFERRED	—
F_STD_PAGE_CASE	CLOSED_BY_KEY	sp_f_std_page_case_postprocessing	nrt_investigation.closure_investgr_of_phc_uid -> D_PROVIDER.PROVIDER_KEY	nbs_odse.dbo.participation (closure investigator) -> via sp_investigation_event JSON	COALESCE(PROVIDER_KEY,1); sentinel-1, no edge (LINK_REQUIRED, SP line 196)	INFERRED	—
F_STD_PAGE_CASE	DISPOSITIONED_BY_KEY	sp_f_std_page_case_postprocessing	nrt_investigation.dispo_fld_fupinvestgr_of_phc_uid -> D_PROVIDER.PROVIDER_KEY	nbs_odse.dbo.participation -> via sp_investigation_event JSON	COALESCE(PROVIDER_KEY,1); sentinel-1, no edge (LINK_REQUIRED, SP line 197)	INFERRED	—
F_STD_PAGE_CASE	FACILITY_FLD_FOLLOW_UP_KEY	sp_f_std_page_case_postprocessing	nrt_investigation.fld_fup_facility_of_phc_uid -> D_ORGANIZATION.ORGANIZATION_KEY	nbs_odse.dbo.participation -> via sp_investigation_event JSON	COALESCE(ORGANIZATION_KEY,1); sentinel-1, no edge (LINK_REQUIRED, SP line 198)	INFERRED	—
F_STD_PAGE_CASE	INVSTGTR_FLD_FOLLOW_UP_KEY	sp_f_std_page_case_postprocessing	nrt_investigation.fld_fup_investgr_of_phc_uid -> D_PROVIDER.PROVIDER_KEY	nbs_odse.dbo.participation -> via sp_investigation_event JSON	COALESCE(PROVIDER_KEY,1); sentinel-1, no edge (LINK_REQUIRED, SP line 199)	INFERRED	—
F_STD_PAGE_CASE	PROVIDER_FLD_FOLLOW_UP_KEY	sp_f_std_page_case_postprocessing	nrt_investigation.fld_fup_prov_of_phc_uid -> D_PROVIDER.PROVIDER_KEY	nbs_odse.dbo.participation -> via sp_investigation_event JSON	COALESCE(PROVIDER_KEY,1); sentinel-1, no edge (LINK_REQUIRED, SP line 200)	INFERRED	—
F_STD_PAGE_CASE	SUPRVSR_OF_FLD_FOLLOW_UP_KEY	sp_f_std_page_case_postprocessing	nrt_investigation.fld_fup_supervisor_of_phc_uid -> D_PROVIDER.PROVIDER_KEY	nbs_odse.dbo.participation -> via sp_investigation_event JSON	COALESCE(PROVIDER_KEY,1); sentinel-1, no edge (LINK_REQUIRED, SP line 201)	INFERRED	—
F_STD_PAGE_CASE	INIT_ASGNED_FLD_FOLLOW_UP_KEY	sp_f_std_page_case_postprocessing	nrt_investigation.init_fld_fup_investgr_of_phc_uid -> D_PROVIDER.PROVIDER_KEY	nbs_odse.dbo.participation -> via sp_investigation_event JSON	COALESCE(PROVIDER_KEY,1); sentinel-1, no edge (LINK_REQUIRED, SP line 202)	INFERRED	—
F_STD_PAGE_CASE	INIT_FOLLOW_UP_INVSTGTR_KEY	sp_f_std_page_case_postprocessing	nrt_investigation.init_fup_investgr_of_phc_uid -> D_PROVIDER.PROVIDER_KEY	nbs_odse.dbo.participation -> via sp_investigation_event JSON	COALESCE(PROVIDER_KEY,1); sentinel-1, no edge (LINK_REQUIRED, SP line 203)	INFERRED	—
F_STD_PAGE_CASE	INIT_ASGNED_INTERVIEWER_KEY	sp_f_std_page_case_postprocessing	nrt_investigation.init_interviewer_of_phc_uid -> D_PROVIDER.PROVIDER_KEY	nbs_odse.dbo.participation -> via sp_investigation_event JSON	COALESCE(PROVIDER_KEY,1); sentinel-1, no edge (LINK_REQUIRED, SP line 204)	INFERRED	—
F_STD_PAGE_CASE	INTERVIEWER_ASSIGNED_KEY	sp_f_std_page_case_postprocessing	nrt_investigation.interviewer_of_phc_uid -> D_PROVIDER.PROVIDER_KEY	nbs_odse.dbo.participation -> via sp_investigation_event JSON	COALESCE(PROVIDER_KEY,1); sentinel-1, no edge (LINK_REQUIRED, SP line 205)	INFERRED	—
F_STD_PAGE_CASE	SURVEILLANCE_INVESTIGATOR_KEY	sp_f_std_page_case_postprocessing	nrt_investigation.surv_investgr_of_phc_uid -> D_PROVIDER.PROVIDER_KEY	nbs_odse.dbo.participation -> via sp_investigation_event JSON	COALESCE(PROVIDER_KEY,1); sentinel-1, no edge (LINK_REQUIRED, SP line 206)	INFERRED	—
F_STD_PAGE_CASE	SUPRVSR_OF_CASE_ASSGNMENT_KEY	sp_f_std_page_case_postprocessing	nrt_investigation.ca_supervisor_of_phc_uid -> D_PROVIDER.PROVIDER_KEY	nbs_odse.dbo.participation -> via sp_investigation_event JSON	COALESCE(PROVIDER_KEY,1); sentinel-1, no edge (LINK_REQUIRED, SP line 207)	INFERRED	—
F_STD_PAGE_CASE	DELIVERING_HOSP_KEY	sp_f_std_page_case_postprocessing	nrt_investigation.org_as_hospital_of_delivery_uid -> D_ORGANIZATION.ORGANIZATION_KEY	nbs_odse.dbo.participation -> via sp_investigation_event JSON	COALESCE(ORGANIZATION_KEY,1); sentinel-1, no edge (LINK_REQUIRED, SP line 208)	INFERRED	—
F_STD_PAGE_CASE	DELIVERING_MD_KEY	sp_f_std_page_case_postprocessing	nrt_investigation.per_as_provider_of_delivery_uid -> D_PROVIDER.PROVIDER_KEY	nbs_odse.dbo.participation -> via sp_investigation_event JSON	COALESCE(PROVIDER_KEY,1); sentinel-1, no edge (LINK_REQUIRED, SP line 209)	INFERRED	—
F_STD_PAGE_CASE	MOTHER_OB_GYN_KEY	sp_f_std_page_case_postprocessing	nrt_investigation.per_as_provider_of_obgyn_uid -> D_PROVIDER.PROVIDER_KEY	nbs_odse.dbo.participation -> via sp_investigation_event JSON	COALESCE(PROVIDER_KEY,1); sentinel-1, no edge (LINK_REQUIRED, SP line 210)	INFERRED	—
F_STD_PAGE_CASE	PEDIATRICIAN_KEY	sp_f_std_page_case_postprocessing	nrt_investigation.per_as_provider_of_pediatrics_uid -> D_PROVIDER.PROVIDER_KEY	nbs_odse.dbo.participation -> via sp_investigation_event JSON	COALESCE(PROVIDER_KEY,1); sentinel-1, no edge (LINK_REQUIRED, SP line 211)	INFERRED	—
ANTIMICROBIAL_GROUP	ANTIMICROBIAL_GRP_KEY	sp_bmird_case_datamart_postprocessing	nrt_antimicrobial_group_key.public_health_case_uid (group keystore)	—	Generated group surrogate key; INSERT SELECT from nrt_antimicrobial_group_key seeded for PHCs whose BMIRD_Case antimicrobial group key is unresolved (sentinel 1) (SP lines 398-425)	VERIFIED	bmird_investigation_full_chain.sql (coverage_merged.md antimicrobial_group 1/1)
BMIRD_MULTI_VALUE_FIELD_GROUP	BMIRD_MULTI_VAL_GRP_KEY	sp_bmird_case_datamart_postprocessing	nrt_bmird_multi_val_group_key.public_health_case_uid (group keystore)	—	Generated group surrogate key; INSERT SELECT from nrt_bmird_multi_val_group_key seeded for PHCs whose multi-value group key is unresolved (sentinel 1) (SP lines 588-612)	VERIFIED	bmird_investigation_full_chain.sql (coverage_merged.md bmird_multi_value_field_group 1/1)
PERTUSSIS_SUSPECTED_SOURCE_GRP	PERTUSSIS_SUSPECT_SRC_GRP_KEY	sp_pertussis_case_datamart_postprocessing	nrt_pertussis_suspect_src_group_key.public_health_case_uid (group keystore)	—	Generated group surrogate key; INSERT SELECT from nrt_pertussis_suspect_src_group_key seeded for PHCs whose suspected-source group key is unresolved (sentinel 1) (SP lines 816-838)	VERIFIED	pertussis_investigation_full_chain.sql (coverage_pertussis_full_chain.md)
PERTUSSIS_TREATMENT_GROUP	PERTUSSIS_TREATMENT_GRP_KEY	sp_pertussis_case_datamart_postprocessing	nrt_pertussis_treatment_group_key.public_health_case_uid (group keystore)	—	Generated group surrogate key; INSERT SELECT from nrt_pertussis_treatment_group_key seeded for PHCs whose treatment group key is unresolved (sentinel 1) (SP lines 605-632)	VERIFIED	pertussis_investigation_full_chain.sql (coverage_pertussis_full_chain.md)
